51.874767,-1.740083,1029TH
52.845991,-0.100848,E2043
50.976043,-2.793549,52119
52.323618,-0.101287,E21136
52.51274,-2.205945,2067
53.858854,-2.743276,720215
50.965045,-0.323238,E9250
54.080705,-2.024779,F1906
51.038451,-0.100268,E8266
51.571482,-1.449342,1771TH
51.521892,-2.521122,531118
51.083697,-2.586936,52207
53.296901,-0.131922,E1147
53.407591,-2.294665,693115
53.493682,-2.229815,690611
52.151539,0.067146,E21720
51.589297,-0.381167,2804TH
54.246377,-0.778392,L2517
51.296962,-1.056426,2406TH
51.908463,-0.46427,4615TH
51.076527,-1.803528,43165
52.76777,-2.839715,2020
51.415005,-0.308869,3400TH
53.944393,-1.886441,L1931
51.713499,-1.420988,1090_w2TH
50.710758,-2.638832,44112
55.142955,-2.208614,23008
53.611067,-2.178685,690203
53.26962,-0.952008,4036
50.393426,-3.73051,46128
51.874477,-0.149495,4827TH
52.061919,-2.659977,055003_TG_316
53.851912,-1.157795,L2011
53.536358,-1.366253,L08015
51.746918,-2.217953,2206
52.574167,-1.035067,4161
53.289231,-2.148611,693426
54.330571,-2.742287,730506
51.426965,-2.459703,53131
50.805852,-1.990007,43216
50.580497,-3.472207,45171
52.877141,-1.759128,4124
53.022669,-0.746145,E2901
52.247533,-1.793996,2095
55.344803,-2.122952,22014
52.908305,0.504442,E21127
50.782406,-3.496159,45134
53.60958,-1.705229,L1115
53.550068,-0.501979,E2790
53.7781,-0.713178,L3404
54.336432,-1.450586,L2322
51.412847,-1.526019,2241TH
54.648336,-2.614388,760502
50.990287,-1.335564,E12442
51.574894,-0.043637,5380TH
54.885739,-2.937513,765045
54.262449,-0.859287,L2545
53.526193,-1.473913,F0815
54.341859,-3.218047,740101
52.998853,-0.408576,E4411
51.45411,-2.586653,531109
53.697959,-1.873488,L1203
51.56631,-0.483905,2870TH
52.948176,-1.183337,4435
52.206967,-2.235272,2642
54.904713,-2.265082,23036
53.498488,-0.664311,4064
54.651055,-2.743236,761659
52.255374,-2.193909,2011
54.352722,-2.940028,735225
53.998678,-1.266199,F2102
53.863761,-2.817872,720517
51.072524,-1.77754,43119
51.619051,0.008836,5376TH
52.735281,1.480458,E21563
53.234132,-2.827991,684027
50.31395,-3.800717,46119
51.002867,-0.027718,E8210
53.326718,-1.328824,L0307
51.052481,-4.190446,50122
51.43615,-0.514892,2896TH
52.129553,-0.753104,E60601
51.31742,-2.206553,53122
51.140148,-0.959908,3015TH
52.401841,-0.5448,E2062
51.105167,0.948046,E4351
51.683092,-1.268125,1681TH
51.049578,-2.276018,43207
53.166753,-1.164236,4115
50.752006,-3.454461,45162
52.177055,-2.28833,2086
52.240918,-1.083171,E2285
51.415798,0.742491,E2900-southern
51.0582,-1.308338,E12470
50.156881,-5.432918,48125
54.235258,-1.341973,L2313
54.466168,-0.944968,L2907
53.42353,-2.141405,692423
51.196412,-4.120133,50197
53.607043,-2.793103,700306
53.009557,-1.190048,4203
53.744763,-2.010569,L1231
51.571821,-1.816698,0319TH
51.607093,-0.271414,3826TH
51.812151,0.158674,5151TH
51.169425,-2.364153,53197
52.09308,0.693213,E22548
52.90501,-0.255888,E1662
51.848419,-2.217412,2670
51.257785,1.030079,E3951
53.560696,-1.473078,F0806
51.121217,0.85627,E4402
51.435695,-0.027404,4369TH
50.652217,-3.320001,45213
52.474903,1.71041,E24823
51.14633,-3.373795,51107
50.807196,-2.739279,44131
51.666656,-1.305189,1790TH
54.967781,-2.460104,23027
50.799229,-4.450269,47131
52.998306,-1.525391,4055
51.086429,-1.181847,E12781
52.092165,-1.942876,2002
52.226571,-2.730348,055021_TG_305
51.868902,-2.196045,2262
53.022732,-0.379369,E1750
52.135453,0.794489,E21058
54.218531,-2.774107,731013
51.262934,-0.867562,2455TH
52.855534,-1.648727,4018
51.219143,-3.751991,50150
51.95095,-1.679842,1210TH
51.832287,-2.270144,2225
51.509305,-0.69032,2607TH
51.89895,0.851031,E22761
53.557357,-2.388815,690408
51.898975,0.358984,E21183
53.1201,-2.012802,4143
53.918229,-2.006046,L1505
51.681471,0.004958,5329TH
50.361418,-4.715659,48190
52.654318,-0.461033,E2647
52.317315,-0.072946,E24267
52.709797,-2.75808,2077
51.661693,0.209122,5442TH
54.613784,-3.050496,750504
51.704664,-0.336052,2819TH
50.710701,-4.56631,47169
51.390617,-0.48637,2902TH
50.734613,-3.547352,45116
53.681612,-1.517112,L1357
50.321143,-4.961751,48116
53.187011,0.096794,E1788
54.299848,-0.717923,F25110
54.270085,-1.467898,L2304
52.587333,-0.568186,E2141
51.461325,-0.967884,2200TH
54.483499,-1.553528,L3609
51.437409,-1.576981,2230TH
51.864982,-2.252201,2165
52.085266,0.665897,E22539
53.836305,-2.232297,712130
53.266027,-1.410737,F0203
51.840037,-2.142115,2661
51.160212,-0.163604,3229TH
53.982002,-2.097548,F1508
53.561524,-2.316991,690250
51.72955,-1.239792,1501TH
52.03494,-2.116566,2128
52.916247,-2.171867,4083
52.371419,1.099743,E24814
50.731934,-2.752192,44122
55.023247,-1.698085,23018
51.402823,-0.539779,2928TH
50.493456,-4.149573,47122
53.055864,-1.782274,4046
54.89341,-2.910796,764070
53.250167,-0.313829,E1245
53.208433,-0.108817,E1839
52.952707,-1.07772,4009
51.194078,0.065165,E1110
54.666243,-3.236916,751020
51.537816,-2.481077,53141
51.674733,-1.9904,0130TH
51.171609,0.799508,E4370
51.079805,-2.869413,52157
51.037252,-2.278768,43226
54.986798,-2.920411,770302
51.373583,-0.138986,4150TH
54.093099,-0.263772,F3004
51.646694,-1.865536,0190TH
51.291026,0.511282,E581
53.367798,-1.521432,L0414
51.500923,-0.482762,2885TH
54.555577,-2.743431,761260
52.026751,-0.266941,E22344
54.173347,-0.984145,L2592
53.54925,-2.625999,700325
51.972195,0.774544,E21856
50.311991,-5.166154,48107
51.116056,-2.430837,52208
51.021033,-3.132608,52110
55.517539,-2.005254,21030
51.891766,-2.103713,2652
53.411889,-3.088778,685513
51.584844,-0.180888,3815TH
50.878052,0.500069,E7050
52.831898,-1.273539,4074
53.496174,-0.11262,E1013
52.192643,-0.064443,E24805
54.608017,-3.107571,750806
52.164097,-1.857348,2615
51.776669,-1.298428,1302TH
50.665978,-2.480781,44113
51.377564,-0.952526,2469_w1TH
54.812531,-2.443415,23009
51.691657,-0.027263,5322TH
53.335557,-1.683843,4037
53.221702,-0.541127,E2814
50.539272,-3.702255,46129
51.548783,-0.397836,3629TH
50.558795,-4.637796,49129
50.99964063,-0.402813615,E9183
50.939901,-3.907581,50132
51.753138,-0.982253,1961TH
51.455821,-2.065573,53132
51.048996,-2.41251,43217
53.226658,-0.368683,E2902
50.100002,-5.279794,48172
55.151643,-1.917583,22015
54.125115,-2.589971,724326
53.351517,-1.484072,L0405
51.703222,-0.022505,5318TH
50.883029,-3.489856,45135
53.71811,-1.638949,L1376
51.501216,-0.12385,6
53.380045,-2.406589,693515
54.603816,-1.16076,L3901
54.338848,-1.442218,L2323
51.682315,-0.315607,2808TH
51.884491,-1.012852,1471TH
53.277575,-2.455855,681213
53.70594,-1.91329,L1241
51.563545,-1.722961,0712TH
53.23087,-0.555797,E1672
51.423993,-0.308538,3404TH
54.295374,-3.237418,740102
54.868007,-3.394362,755900
51.133674,0.880127,E4412
52.537116,-0.824895,E2717
53.73128,-1.983282,L1204
55.61121,-2.395446,21021
50.715805,-2.5855,44239
55.142852,-2.261953,23037
51.242295,-1.662004,43157
50.413192,-4.331177,47141
53.293511,-0.750996,4065
51.090021,-1.181212,E12791
52.518826,0.252026,E21341
53.655307,-2.676594,700404
52.706629,-2.60558,2012
54.338025,-2.970931,735226
51.863183,-2.221361,2272
52.028582,-1.326852,1437TH
51.709101,0.239586,5427TH
51.523317,-1.141252,2003TH
53.732891,-2.045203,L12061
53.019889,-1.425573,4190
51.716858,-1.374624,1099TH
52.069056,0.474036,E22511
52.748345,-0.50217,E2694
51.213836,-3.841064,50123
53.923505,-1.933535,L1515
54.462673,-1.19921,L3804
51.343988,-2.134327,53123
52.231962,-0.97793,E1946
53.716861,-2.096931,F1207
51.034216,-2.265615,43208
53.226502,-1.008036,4116
52.00171,-2.163093,2087
53.751469,-1.423682,F1703
54.484792,-1.567976,L3693
53.78552,-2.234141,712052
52.101809,-0.017376,E22103
55.113789,-1.620587,22006
50.541046,-3.550843,46110
54.387346,-1.936039,L2351
52.332181,0.438278,E21119
50.682229,-3.470109,45126
50.431183,-4.67963,49110
51.744674,-0.49654,2844TH
53.293005,0.297051,E1538
50.133798,-5.254647,48126
52.576492,1.516029,E23060
54.347769,-1.3567,L2314
54.60851,-1.549436,F3705
54.562827,-3.138777,750106
51.915339,-2.587573,055817_TG_323
52.453082,0.545246,E21838
52.739499,-1.353725,4204
52.735739,-2.994315,2175
51.883138,-2.061691,2671
51.403702,0.060218,4381TH
54.174308,-0.762132,F2502
53.070452,-0.196967,E4403
51.037463,-0.89988,E10368
51.150722,0.174763,E651
50.767191,-3.29459,45214
52.758541,-1.164067,4093
52.781029,-2.474812,2040
51.930418,0.086394,5016TH
52.311774,-2.625404,2634
54.842382,-1.487058,24012
53.89327,-1.097619,L2402
53.472151,-1.296778,L0707
55.029637,-2.127318,23028
51.377064,-0.160112,4165TH
50.417855,-3.959444,47132
52.7031,-1.142483,4056
51.623491,-0.185411,3804TH
50.533259,-3.657787,46148
51.401378,0.028483,4317TH
52.678061,0.547924,E23705
52.780647,-1.647106,4019
50.857808,-3.810592,50151
51.747599,-2.214291,2226
52.612011,1.01713,E22006
51.406476,-0.349558,3102TH
50.767098,-2.400751,44220
51.710647,-1.889951,0470TH
51.099972,-4.010005,50114
51.648181,0.346098,E24899
51.067397,-2.26953,43236
53.940697,-2.021283,L1506
54.006777,-2.221986,710125
50.272818,-4.791471,48191
51.740637,-1.115198,1980TH
52.819304,1.251666,E23186
53.991515,-1.135153,F2405
54.268069,-2.974952,735430
54.140607,-2.731323,733020
50.759747,-3.559651,45117
53.686013,-1.529962,L1358
50.08362,-5.291203,48117
51.111292,-4.161795,50189
50.851679,0.522713,E6980
51.031669,-2.798991,52120
51.713888,0.259177,5420TH
55.550443,-1.784723,21040
54.429259,-2.970683,735022
51.840929,-2.202237,2662
52.584341,-0.404444,E2105
51.258144,1.145929,E4060
51.250834,0.447181,E642
51.315486,-0.764535,2429TH
52.415589,0.734272,E24319
51.576239,0.040575,5480TH
51.68931,-1.678796,0701TH
52.230723,1.344041,E24815
52.36409,-2.706474,2625
54.745941,-2.026369,24003
53.872754,-2.414398,710301
50.60014,-4.3068,47123
51.302063,-0.543308,3085TH
51.72466,-1.54887,0913TH
53.546656,-0.159656,E1742
52.206315,0.520869,E23956
53.638515,-1.7867,F1003
51.11607,-0.222649,3207TH
53.438308,-2.344072,692726
51.025705,-3.749635,50142
52.397668,-1.853805,4172
51.242286,-2.327797,53142
53.981457,-1.067671,F2470
51.874246,-1.18499,1486TH
51.05693,-2.949032,52158
51.355767,-0.255182,3350TH
52.069153,-2.743532,055031_TG_329
51.389272,-0.506291,2936TH
53.202079,-0.553771,E1594
54.311836,-2.102939,L2208
51.349005,-0.602519,2966TH
54.517925,-1.601411,F3501
51.450901,-1.859793,2204TH
53.70985,-1.690136,L1386
51.374843,-0.208335,4045TH
51.422436,-1.350461,2264TH
51.801234,-0.079759,4890TH
50.266031,-4.918599,48108
51.254622,0.485076,E670
52.678328,1.487896,E21226
51.020017,-3.100618,52111
50.798774,-3.194372,45233
54.533026,-1.55104,L3503
51.466242,-0.501779,2893TH
52.041372,-2.955501,PCHURCH_TG_342
53.713759,-1.26662,L1808
51.392901,0.019484,4310TH
53.800865,-1.480337,L17012
53.739921,-0.144398,F3316
51.150372,-0.96697,3012TH
51.88594,-2.093645,2653
54.308919,-0.746353,L2519
52.087826,-0.717093,E21449
51.441442,-0.026869,4370TH
51.991569,-0.939719,E24806
53.229862,-0.546842,E1608
51.647821,-1.254167,1800TH
52.158602,-2.219449,2616
50.991816,0.524378,E5852
53.833695,-2.453518,713056
51.615727,-0.065253,5369TH
53.5659,-2.293017,690205
53.080542,-0.614579,E2815
53.863248,-1.192116,L2013
50.975187,0.034071,E8221
53.76911,-2.624715,713019
51.641989,-0.46125,2859TH
54.051851,-2.822021,724735
52.70167,1.571118,E24064
51.533611,-0.47115,2889TH
51.076717,-3.866807,50133
51.610531,-0.313052,3823TH
52.986245,-1.163701,4163
51.443821,-1.584692,2229_w2TH
51.451028,-2.55481,53133
51.935709,0.697218,E22744
50.683502,-2.108932,44202
53.38377,-2.624305,694041
52.92478,-1.166968,4126
52.10744,-2.07193,2097
51.036427,-1.771751,43120
50.050669,-5.634771,48173
55.232946,-1.893044,22016
50.390648,-3.72194,46120
52.515233,-0.794532,E2296
54.374943,-1.633138,L2361
50.820959,-3.65782,45136
50.501243,-4.500737,49120
53.660847,-0.99124,L0902
51.506753,-0.078706,7
50.693632,-1.107996,E14993
53.137597,-1.198884,4710
51.524146,-0.702103,2604TH
53.081293,-0.140778,E4413
50.850029,-2.888672,45224
53.707881,-1.912089,L1205
52.330595,-0.227967,E21713
52.316208,-1.431466,2050
53.811466,-2.248409,712113
53.870513,-2.388461,710320
51.506197,-0.710164,2694TH
54.817425,-3.167142,755790
54.477707,-1.298736,F3803
52.39784,0.093691,E23752
54.969163,-2.115677,23038
51.173918,-0.18323,3230TH
50.647179,-4.267416,47142
51.137063,-1.72023,43158
52.484208,-1.731944,4066
51.793132,-0.396615,2816TH
53.971293,-1.349003,F2104
50.711622,-2.762844,44105
51.381714,-0.377493,3290TH
51.619653,-1.073786,1995TH
52.867461,-0.333163,E1228
51.837638,-0.221289,4770TH
51.210841,-0.504627,3074TH
51.699764,-1.573094,0902TH
51.100527,-4.16425,50124
52.428112,-0.3542,E21788
54.468269,-1.194564,L3805
51.348874,-2.340892,53124
50.981447,0.468833,E6642
52.823395,-0.536693,E2300
50.931417,-2.257544,43209
52.395138,-1.173153,2088
52.276841,-2.932709,055014_TG_306
53.16189403,-0.576062731,E2738
53.57333,-1.103688,L0930
51.107453,-1.878102,43111
51.323836,-0.41269,3286TH
55.166194,-1.727617,22007
52.755673,-0.970755,4873
50.639783,-3.787037,46111
54.507361,-3.525782,744250
51.724451,-1.972293,0260TH
50.616779,-3.424247,45127
50.806416,-4.536465,49111
53.601624,-1.927299,L1108
50.319157,-4.898882,48127
54.229768,-0.872461,F2540
51.864215,-1.356609,1289TH
53.978695,-2.677098,720101
50.873685,-2.566002,52130
51.419659,-0.18127,4180_w2TH
52.765357,-1.214327,4205
51.650298,-0.164059,5362TH
50.796646,-3.183491,45215
51.885938,-2.052672,2139
52.496238,-1.688419,4094
50.989153,-1.48518,E13271
51.702625,-0.614039,2852TH
51.890714,-2.066105,2635
54.619954,-1.792445,24013
54.081344,-2.722026,724629
53.833727,-1.12853,L2403
51.529235,-0.488741,2882TH
54.420034,-2.599286,722242
50.766235,-4.425512,47133
52.451684,0.163973,E62201
51.83228739,-2.270143636,2425
51.435635,-1.201665,2150TH
51.427238,-1.724504,2219TH
51.468325,-1.08539,2180TH
51.1339,-4.153117,50152
52.309779,-2.59384,2227
51.501042,-0.886307,2302TH
54.133486,-1.537861,F2220
50.790604,-2.41643,44221
51.488753,-0.412558,3660TH
50.973061,-3.909695,50115
52.522794,-1.29766,4145
51.194078,0.236345,E15611
53.79678,-2.234811,712415
52.798728,0.490559,E21050
51.304292,0.18632,E15240
54.616994,-2.818572,761605
51.440376,-0.512035,3110TH
54.462097,-0.654478,F2902
50.80427,-3.511305,45118
53.077892,-0.274288,E4803
51.561936,-0.379325,3626TH
52.481995,1.670537,E23052
51.371312,-0.120688,4139TH
51.799654,-1.885239,0630TH
50.947873,-2.503101,52121
52.388952,-2.250478,2167
50.851113,-0.764553,E10893
52.171412,0.099158,E21732
51.754535,-1.825522,0660TH
53.827584,-1.570463,L17022
51.830547,-0.347917,4650TH
54.579959,-2.491631,760115
51.587068,-0.307266,3838TH
51.087739,-1.189248,E12551
51.018287,-2.011504,43177
52.92726,-1.475443,4085
52.890978,-0.62509,E2862
52.049661,-2.200744,2032
52.248746,-1.994455,2626
54.6847,-1.818483,24004
51.861312,-0.11775,4832TH
53.176218,-0.5711,E1780
54.662671,-3.361333,751690
50.658035,-4.241876,47124
53.425334,-1.36339,L0601
53.072731,-1.441438,4048
52.314257,-0.444982,E21324
50.648044,-3.431911,50180
52.08804,-2.446839,2255
52.364009,0.2603,E22035
53.439969,-2.388645,692727
50.977311,-4.178073,50143
53.959571,-2.022817,L1535
51.89464,0.186331,5129TH
51.273726,1.168504,E3401
51.663282,-1.075268,1984TH
51.547559,-2.049871,53143
51.429566,-0.318416,3401TH
51.073454,-2.964814,52159
51.55135,-0.808421,2497TH
51.773908,0.073644,5189TH
50.196411,-5.136703,48183
50.421783,-3.918076,46130
51.438166,-0.537257,2702TH
50.393206,-5.056217,49130
53.362304,-1.703631,4001
54.677997,-3.24495,751110
51.239844,-0.166451,3245TH
53.650068,-2.31342,690155
53.937868,-2.770317,720120
51.580872,-2.094819,531158
53.144196,-0.140051,E1187
51.717437,-2.482837,2195
53.69442,-2.466407,713205
53.445208,-1.549184,L0504
51.987468,0.752212,E21227
51.003358,-2.683234,52112
50.656145,-3.324921,45234
53.812894,-1.481054,L17013
51.889683,-2.062296,2654
51.346115,-0.465049,3089TH
51.57755,-0.380271,3609TH
53.864265,-1.904159,F1403
52.559314,1.570041,E24807
52.100775,-1.910164,2023
51.723887,-2.130978,2617
54.251128,-0.484316,F2708
50.739791,-2.891657,44115
53.645347,-2.092047,690206
51.757619,-0.475391,2841TH
50.640271,-4.330759,47115
52.460104,-1.897221,4039
51.172608,0.173074,E1140
52.242947,-0.263656,E61101
51.209424,-0.803594,3020TH
54.668303,-2.76746,768010
50.779388,-4.127794,50134
53.308371,-0.942655,4164
52.229163,-0.868182,E1363
51.492586,-2.523813,53134
54.098062,-1.457119,F2202
52.5405,-2.801605,2705
53.407175,-2.608928,694042
53.786072,-1.066528,L2401A
51.998663,-2.155508,2098
54.94992,-1.940633,23001
50.974908,-1.978577,43121
55.167634,-1.6945,22017
52.357278,0.418569,E22374
50.544315,-3.499054,46121
53.326618,-1.516187,L0407
52.735118,-2.960681,2830
50.477206,-4.595304,49121
50.775566,-3.718339,45137
53.61394,-0.990666,L0903
51.428571,-0.187677,4192TH
51.484369,-0.149631,8
50.229401,-5.120933,48137
52.053714,-0.855119,E60701
51.385199,0.047688,4314TH
54.363181,-1.418526,L2325
53.165868,-2.494907,680504
53.688481,-1.634418,F1306
50.806886,-0.543902,E9740
51.462237,-1.077263,2195TH
52.442977,-0.492641,E2125
53.741165,-2.027245,L1206
52.612266,1.434411,E24835
50.989265,0.127308,E8190
50.919652,-1.447963,E13281
51.884165,0.09127,5039TH
54.62791,-1.7258,24023
51.761748,-1.362413,1102TH
54.973701,-2.105879,23039
51.062826,-1.779755,43159
52.880685,-1.346428,4067
50.529998,-3.614031,46159
53.38885,-0.330909,E1502
51.484806,-0.880942,2490TH
50.569876,-2.441027,44106
53.583885,-2.637387,700295
52.762225,-0.889833,4192
53.912329,-1.418426,L2005
53.445001,-1.964573,692115
52.412682,0.762195,E21195
54.661143,-2.747001,768001
50.907767,-3.863651,50125
52.896019,-0.962231,4155
54.473986,-1.173419,L3806
51.850206,-2.336612,2102
51.380436,-2.506812,53125
53.213742,-0.55188,E2900-anglian
53.233981,-1.032134,4118
51.1839,-2.132143,43112
51.423959,0.230865,E15250
51.40345,-0.836924,2486TH
50.716251,-3.527368,45128
50.264906,-5.060481,48128
53.840066,-1.789021,L1605
53.677267,-0.525433,E1442
52.571947,1.738433,E41137
52.50953232,-2.429445139,2636
54.650589,-1.508677,F3707
51.491873,-0.604104,2698TH
51.282166,-2.768948,52229
52.27627,-0.223832,E24367
53.577223,-2.72144,700309
51.381826,-0.966655,2420_w1TH
51.920573,-1.306366,1453TH
54.561659,-3.068796,750604
51.861059,-1.119228,1483TH
53.00001,-0.427906,E4405
50.682142,-3.235982,45216
50.641712,-4.362839,47171
51.132785,0.453941,E1901-southern
54.62006,-1.868327,24014
51.107299,0.139866,E1530
53.952443,-1.078056,L2404
51.460811,-0.963635,2201TH
52.315823,1.670054,E42196
53.013888,-1.738962,4058
52.724474,-2.872198,2005
53.668661,-1.472656,L1322
54.667313,-2.659359,762006
51.038151,-0.100109,E8241
53.85124,-1.842838,F1608
53.494067,-2.375559,690350
51.016893,-3.822486,50153
51.708312,-1.232825,1502TH
52.298087,-2.55805,2228
52.669401,0.995655,E22008
53.914547,-2.144584,L1545
51.727462,0.441028,E22885
53.735923,-0.210149,L3314
51.554844,-2.092255,53153
52.077093,0.491629,E22504
51.583879,0.172001,5522TH
53.125717,-0.052667,E4976
50.946265,-4.137186,50116
53.739883,-0.330677,L3203
53.0832,-1.32769,4146
51.517498,-0.476763,2890TH
51.997863,0.578311,E22727
51.374167,-0.478479,2989TH
50.824241,-1.576864,E14530
53.67527,-1.738074,F1102
52.720446,-0.363945,E3003
53.124099,-1.557929,4011
50.8432,-3.392156,45119
52.939133,0.029724,E4804
53.854769,-2.158987,712170
54.401122,-1.776606,L2307
53.819066,-0.927565,L2803
51.598796,-0.376829,2886TH
51.375687,-0.264339,3369TH
51.577539,-0.217549,3820TH
51.551558,-0.267837,3850TH
53.740078,-1.366226,L1721
51.508638,-0.342569,3880TH
54.918811,-2.328264,23058
52.573856,-1.13453,4086
54.307391,-3.091306,737536
54.742586,-1.59921,24005
52.227978,-0.934098,E1521
50.34269,-4.005399,47125
53.309224,-1.138194,4049
51.93577721,0.696989008,E22745
53.384181,-2.825909,694460
52.147499,-0.708027,E21325
54.512373,-1.355879,L3602
54.143807,-2.050474,L1907
53.794282,-2.306373,712221
53.874564,-1.253163,L2024
51.878177,0.160906,5141TH
52.619792,-1.146475,4174
51.795404,0.134177,5171TH
53.727084,-0.585836,L3491
51.560993,-0.694635,2601TH
52.958281,0.849573,E23327
51.74909,-1.272781,1303TH
51.377564,-0.952526,2469_w2TH
51.45563,0.00613,4389TH
55.245179,-2.561466,23011
53.144479,0.086945,E5320
50.336116,-4.633573,48184
51.166603,-1.441818,E13810
51.385195,-1.002649,2293TH
50.763572,-1.53771,E14521
52.131783,-0.962049,E21042
50.640424,-4.675182,49131
52.229209,-1.080484,E4832
51.838108,-0.461149,2813TH
53.413919,-1.416218,F0605
54.260305,-0.919219,F2560
52.131206,0.205231,E21005
51.421461,-2.492956,531159
54.053636,-1.288144,L2200
50.999232,-0.786847,E10389
51.770008,0.006126,5280TH
53.43985199,-2.246761206,692810
51.023159,-2.565568,52113
50.841739,-2.916366,45235
55.547487,-2.011059,21033
52.093158,0.292511,E21724
51.110238,-0.153871,3223TH
53.77313,-0.651055,F3480
51.706896,-0.217824,2809TH
52.175048,0.01962,E19031
52.555203,-2.376056,2024
51.887818,-2.256949,2618
52.031808,-1.132641,E23726
52.244802,-0.905866,E2223
53.62694,-2.13755,690207
50.635525,-4.279753,47116
51.438369,-2.003555,531112
53.677173,-1.491306,L1304
53.71643,-0.908963,L1800
51.055152,-3.795036,50135
52.318507,-0.176335,E24302
51.401605,-1.323874,2250TH
52.167771,-1.212815,1408TH
53.897872,-2.008295,L1527
51.581999,-2.158019,53135
52.432388,0.877025,E22152
50.776561,-2.574345,44204
53.357485,-1.996738,692348
51.47009,-0.245065,4091TH
51.486605,-1.088869,2004TH
53.747992,-1.448902,F1715
53.938698,-2.955067,720780
51.202428,-1.958392,43122
51.62738468,-0.748786176,2546TH
51.546517,0.183966,5541TH
50.479033,-3.761402,46122
52.74743,-2.972211,2831
53.467219,-1.473784,L0668
50.970553,-1.344248,E12483
50.516694,-4.834988,49122
52.529248,-0.758769,E4823
53.596385,-1.063688,L0904
51.462258,-0.316193,9
50.131125,-5.255319,48138
51.643461,-0.095003,5355TH
50.853069,-2.167089,43210
53.710539,-2.101856,L1207
53.731002,-1.358177,L1703
52.28899,-2.418688,2646
54.634236,-1.742024,24024
54.440158,-3.529373,744312
53.413802,-2.058026,692190
53.407306,-2.174445,692524
52.114425,-2.108012,2015
54.038156,-1.650292,F2106
52.313513,-1.314911,2609
50.789421,-2.750022,44107
51.91699,-2.086745,2511
53.883728,-1.440943,L2043
51.405031,0.056251,4382TH
51.875292,-0.062702,4868TH
52.731094,-0.419825,E2710
54.314107,-2.555012,723423
51.155718,-3.302248,51110
50.710531,-1.992859,44232
51.108316,0.172486,E714
50.73260195,-2.767024356,44141
53.543567,-1.369767,L0807
50.877166,0.012884,E8970
51.073179,-4.041276,50126
54.488529,-1.135197,L3807
51.399488,-2.447727,53126
50.486806,-3.568943,46150
54.23945,-0.717218,L2725
54.898639,-2.932277,762600
50.832964,-4.558854,49150
51.764828,0.015113,5190TH
51.17155,-1.785174,43113
51.433827,-0.773574,2620TH
55.308429,-1.895992,22009
51.383249,0.072664,4378TH
51.486033,-1.039654,2199TH
54.422403,-3.334074,743008
50.844477,-4.509166,49113
51.61221,0.52337,E21284
50.252215,-5.041246,48129
51.602909,-0.384264,2802TH
53.705772,-2.286263,690138
53.010442,-1.024175,4207
54.565937,-3.063696,750605
53.228743,-0.528903,E1406
53.79812,-1.629518,L17033
54.203845,-0.937557,F2505
54.36176,-2.771951,730120
52.666216,-0.280199,E2613
50.747683,-3.110915,45217
50.550641,-4.14273,47172
55.009258,-2.963066,770500
51.713361,-0.060582,5308TH
53.80283867,-1.048633491,L2412
54.633826,-1.719549,24015
52.188599,1.451217,E23151
51.37248,-0.466322,3090TH
52.676627,0.36647,E23745
54.912827,-2.893015,762540
50.585989,-4.106699,47135
52.017279,-1.380792,1431TH
53.918527,-2.130286,L1546
52.211373,-2.215962,2131
51.578233,-2.074985,53154
51.361518,-0.689296,2941TH
53.239901,-1.420925,L0204
51.907687,-0.668546,E21187
50.882269,-4.065162,50117
53.843243,-0.399574,L3204
54.974805,-2.023395,23021
51.380413,-0.243611,4020TH
52.983736,-2.518888,680301
53.752898,-2.680437,713030
51.391152,-0.216322,4050TH
52.75692,-1.805399,4012
51.431619,-0.25215,4080TH
50.912658,0.290758,E7842
54.303695,-1.000302,F2570
53.47815,-2.918171,694744
52.133733,-0.460042,E21609
52.058687,-0.714748,E21511
51.386331,-0.501357,2937TH
54.09646,-1.394448,L2210
53.542889,-2.009008,692418
52.590375,1.436891,E21238
51.635574,-0.753691,2569TH
52.381603,-2.724237,2169
51.922936,-2.265002,2071
52.181244,1.008338,E23277
51.148275,0.682267,E2270
52.524933,-1.911514,4087
51.886693,-1.767911,1020TH
52.385318,-2.337878,2034
54.284617,-3.085173,737537
53.971111,-1.38968,F2125
54.746819,-2.074526,24006
50.888318,0.244134,E8010
50.333417,-5.144361,48110
52.470494,-0.909111,E1782
51.112337,-2.451073,52211
53.474178,-2.228957,690713
51.440219,-0.535292,2894TH
51.189651,0.160853,E1151
53.697129,-0.989661,L1810
52.137017,-2.488532,055028_TG_9302
53.106632,0.0137,E1708
51.648617,-1.210808,1801TH
54.019124,-0.885796,F2807
52.808232,0.210573,E2085
52.232016,1.183613,E24795
53.017569,-2.162134,4040
50.081307,-5.125068,48185
53.744388,-2.490462,713119
54.544622,-1.928854,F3504
54.373262,-1.705009,L2373
50.410447,-4.394551,49132
53.169457,-2.104665,681003
53.721955,-1.715052,L1389
50.992202,-0.674476,E10440
51.514457,0.723335,19
52.52039,-1.751178,4003
51.752648,-1.281126,1645TH
51.730973,-1.251352,1675TH
54.039446,-2.780563,724700
51.149147,-3.061825,52151
51.397462,-0.230955,4063TH-thames
54.105893,-2.605757,724427
54.09646,-1.394448,L2201
51.654587,-1.849612,0490TH
50.964926,-2.912024,52114
51.668568,-0.287687,2821TH
51.921925,-2.099682,2656
51.194615,0.278452,E1550
53.395655,-3.121735,685517
51.202357,0.515045,E2261
51.237321,-0.859739,2453TH
52.902503,-1.834928,4078
51.887632,-2.251427,2619
51.861393,-1.30321,1460_w1TH
50.895273,0.24023,E8001
50.531278,-4.221847,47117
50.983264,-0.669759,E10380
53.655883,-1.562677,L1305
51.691132,0.015788,5327TH
53.697646,-1.023804,L1801
52.066379,-1.333286,1420TH
50.828848,-0.24883,E8980
51.118685,-4.048455,50136
51.061054,-1.794476,43160
51.237339,-0.736289,2419TH
53.44969979,-3.018053596,694670
53.343712,-2.232417,693333
51.602656,-2.124925,53136
51.640481,0.081584,5470TH
51.789786,-1.484269,1082TH
50.712042,-2.414359,44205
51.431611,-0.512248,2900TH
52.376154,-1.814434,4129
55.053183,-2.148665,23003
50.928396,-1.777288,43123
53.053456,-1.793028,4031
50.582293,-3.898034,46123
50.915667,0.043425,E8312
52.779686,-3.037866,2832
53.862594,-2.790936,720248
53.423952,-1.416682,L0669
52.145596,-0.405558,E21034
50.458709,-4.604746,49123
51.287835,-0.505999,3075TH
51.698716,-1.534037,0903TH
53.733596,-0.230199,L3311
53.408784,-2.252674,692710
53.251492,-2.120243,693421
52.114915,-1.315184,1416TH
51.926224,-2.197575,2188
52.38548,-1.26252,2090
53.84567,-2.22323,712153
52.359187,1.182279,E23036
52.725484,0.990183,E23296
54.227169,-0.788071,F2515
53.964636,-1.111032,L2452
54.113463,-2.510184,724320
51.061034,-0.335071,E10023
51.144544,0.168468,E1541
52.085111,-0.267906,E19023
52.631289,-1.697508,4069
53.406624,-0.44906,E2846
53.655882,-2.760429,700408
52.723597,-2.609812,2016
51.692891,-1.672984,0890TH
54.301579,-0.423296,F2603
53.529564,-1.141573,F0908
50.890128,-1.38803,E12660
53.903016,-1.552492,L2007
53.113634,-0.600069,E1727
54.914677,-2.803045,763308
51.159618,-3.320133,51111
53.551557,-1.439985,L0808
52.180399,-1.87505,2104
51.38438,-2.37652,53127
54.343531,-2.733522,730404
51.021082,-0.073715,E8340
53.373245,-1.46412,F0402
54.50509,-1.948998,F3523
53.811176,-2.531031,713040
53.57617,-1.176242,L0933
53.801534,-1.574829,F1707
51.302514,-1.809882,43114
53.131855,-0.803653,4022
50.533259,-3.657787,46114
54.253557,-1.424704,F2320
52.649186,1.567619,E23931
51.61322,-1.87404,0184TH
53.838116,-1.828238,L1607
51.645553,-0.436992,2849TH
53.962611,-1.057605,L2480
52.135918,-0.996201,E61901
52.745921,1.570233,E21150
51.422952,-0.007672,4326TH
51.101202,-0.825956,3028TH
51.431438,0.027081,4386TH
50.8568,-3.058949,45218
50.726814,-4.203103,47173
50.949994,-3.506375,45120
54.646651,-1.672987,24016
51.971749,0.940326,E22678
51.432753,-1.067068,2290TH
53.958791,-1.085536,L2406
51.718066,-0.219123,2810TH
50.440154,-4.298799,47136
54.422024,-2.98839,735123
51.263973,-0.950093,2442TH
52.167176,1.05147,E23115
53.880307,-1.355437,L2035
51.542061,-2.385953,53192
51.562196,-0.27948,3839TH
54.776573,-1.57257,240120
54.601275,-3.1492,750917
52.359087,-2.876144,2132
51.34297,-2.266608,53155
50.613227,-1.971617,44224
53.374184,-2.653505,694063
54.894613,-2.686767,763201
50.843021,-4.122236,50118
55.181833,-2.45222,23022
51.440152,0.113674,E15280
52.344778,-3.043943,2107
51.817792,-0.801624,1925TH
53.641316,-1.795095,F1104
52.144358,-0.316453,E21647
51.294985,-0.336089,3280TH
50.311776,-4.800075,48158
52.326416,0.578416,E22358
51.569689,-1.735909,0710TH
54.145714,-1.36005,F2311
53.258272,-2.51651,680525
51.876889,-0.28128,4730TH
54.310113,-2.582471,722421
53.689691,-0.441704,E1435
51.609179,-0.699391,2581TH
54.381959,-1.929135,L2309
51.803418,-0.141267,4790TH
53.566913,-2.021999,692419
51.463198,-0.569077,2703TH
50.957409,-0.265959,E9130
51.129895,-3.001618,52124
51.946826,-0.016987,4912TH
51.6506,-1.267131,1799TH
54.534679,-2.769772,761102
53.440813,-2.475817,693032
51.85211,-2.233328,2666
51.739256,0.219552,5425TH
51.095381,0.052195,E1560
51.840425,-1.30005,1465TH
51.617191,-1.116011,2001TH
50.717781,-3.219793,45209
52.318638,1.425054,E24819
51.419019,-2.487954,531160
53.680366,-1.509072,L1352
51.72971,-2.534804,2629
53.848003,-2.424337,710305
54.36799,-3.339036,742006
53.693137,-2.257828,690120
51.191655,-2.719186,52212
51.824551,-2.297854,2258
53.800228,-2.314843,712223
53.275665,-0.402812,E1746
51.271553,0.518493,E140
53.232965,-1.430996,L0233
50.90173,-4.392867,50146
52.891548,0.874601,E24313
53.907443,-1.984735,F1503
53.960831,-2.011844,L1538
53.724643,-2.670129,700515
51.230768,-2.487678,53146
52.390173,0.871573,E22163
50.589157,-4.830228,49170
52.126329,-0.429108,E44566
53.04899,-1.879122,4041
51.022515,-0.477328,E9900
50.229594,-5.388678,48186
50.595603,-3.682853,46133
54.620104,-2.080488,F3505
52.319854,-0.205625,E61201
53.991743,-2.792162,724836
50.509303,-4.80481,49133
51.453438,-1.228555,2140TH
53.009861,-0.11602,E1203
54.153752,-1.350739,F2302
51.588848,-1.431205,1756TH
50.69081782,-1.28713756,E14564
51.414788,-1.539372,2239TH
54.280023,-2.755861,730511
51.410964,-1.325174,2269TH
51.031606,-2.799018,52152
51.603395,-0.012274,5378TH
51.518702,-0.391757,3650TH
51.448604,-0.339937,3680TH
53.977937,-1.118128,L2462
53.932062,-2.905476,725139
50.921842,-2.940546,52115
51.437123,-0.512241,2898TH
52.003937,0.890968,E22697
51.406058,-0.024366,4345TH
51.3919,-0.421389,3100TH
51.48248,-0.312323,3892TH
53.929346,-1.83091,F1902
50.509965,-4.098094,47118
54.079845,-0.187892,L3001
51.278294,-1.045224,2401TH
52.560077,-0.281816,E1997
54.865626,-2.944447,765013
51.367034,-0.162812,4159TH
51.330889,-0.775604,2431TH
51.074943,-4.050919,50137
54.973809,-2.105629,23041
51.736622,0.479442,E22869
54.390814,-2.931474,735328
51.709394,-1.783971,0680TH
51.427707,-2.63391,53137
50.739761,-2.25333,44206
51.006255,-0.079888,E8350
54.732405,-3.405386,754016
51.99132569,-2.162836898,2700
51.684602,-1.282696,1679TH
54.976681,-2.226498,23004
53.206134,-1.165417,4032
50.695696,-3.739489,46124
54.008443,-1.47066,L2105
50.923434,0.72054,E6520
50.691075,-4.694207,49124
51.325621,-1.249358,2275TH
50.853823,-0.552755,E9520
51.29741,-0.739058,2427TH
55.12861,-1.494986,22999
51.814817,0.020302,5080TH
50.763832,-1.84203,43212
51.673897,-1.934146,0278TH
52.284932,-1.562658,2091
51.445998,0.158543,E15350
51.29566,1.088238,E3966
55.038816,-1.859136,22010
53.690792,-2.101414,L1209
50.733158,-3.437637,45130
53.499526,-2.271756,690510
52.405995,-2.80328,2054
51.999754,-1.952083,2648
51.497504,0.052616,1
51.719421,-1.588977,0911TH
51.909034,-2.32673,2017
51.381826,-0.966655,2420_w2TH
51.186743,-0.163694,3235TH
53.588789,-2.773605,700311
50.653725,-2.473258,44109
51.753386,-2.322244,2513
51.895439,-1.13585,1484TH
52.19844043,0.992404707,E26921
51.573061,-1.233747,2020TH
51.382892,-0.458071,2904TH
50.953881,-1.370394,E12401
52.553447,-1.171951,4195
51.988876,-1.697906,1208TH
51.786053,-1.351198,1290_w1TH
51.720457,0.539834,E22897
53.905078,-1.630095,L2008
51.861678,-1.594363,1238TH
51.207333,-3.596358,51112
53.302721,-1.472506,L0215
51.1015,0.392574,E1890
52.377799,-0.720415,E2699
53.58418,-1.52866,L0809
52.648317,-1.215391,4158
51.220824,-0.569459,3079TH
53.024857,-1.028024,4060
54.604556,-3.159541,751007
51.436872,-1.577706,2232TH
52.68874,-0.412477,E2304
52.166195,-0.309298,E21657
51.302514,-1.809882,43115
53.223665,-1.727504,4023
51.663588,-1.749677,0569TH
53.613958,-2.427881,690450
51.670388,-1.268257,1503TH
54.574258,-1.316493,L3934
50.5162,-3.757538,46115
54.215889,-0.969759,F2581
51.446984,0.341367,E210
52.94938,-0.702125,E4222
53.390594,-1.361999,L0303
52.85898861,-2.187086528,4079
52.755941,-0.534509,E4482
50.465604,-4.55955,49115
52.230338,-0.897436,E42124
51.509078,-0.47713,2891TH
52.236542,0.176925,E60101
54.879957,-2.917974,764010
51.149557,-0.976568,3010TH
54.650538,-3.52206,753050
50.950221,0.630976,E6140
54.090598,-1.497502,L2221
51.181979,-0.750222,3040TH
50.882836,-0.306828,E9140
51.632965,-1.505814,1745TH
54.628797,-2.837846,761706
52.493886,-0.649292,E1310
52.246264,-0.779863,E2119
55.333528,-1.631891,22001
51.667039,-1.816893,0530TH
53.591975,-0.738178,4098
52.249147,-0.485347,E24829
51.021855,-3.53136,45121
52.320879,-0.002271,E21968
52.394857,-3.160345,2639
54.82499,-1.744671,24017
52.526819,-0.428685,E1533
53.877796,-2.387601,710315
50.340195,-5.15746,48121
51.394765,-0.097302,4182TH
50.823657,-4.438698,47137
51.565274,-0.452775,2887TH
52.313207,-2.591539,2008
51.023856,-4.236897,50193
51.85196,-2.18652,2268
53.782406,-1.057504,L24001
52.754258,-2.534083,2170
53.707591,-1.056828,L1821
54.890119,-2.830743,762505
51.852475,0.963271,E24323
53.003454,-1.310004,4186
52.126787,-2.056054,2133
51.213871,-3.474382,51103
53.233706,-1.418671,L0206
51.541775,-0.418198,3635TH
50.845457,-3.886253,50119
54.952174,-1.959366,23023
53.855184,-2.451318,711610
51.240687,-2.349087,53119
51.965459,0.146003,5112TH
50.989182,-3.484134,45159
50.730338,-1.773396,43106
52.791503,-2.038506,4014
51.795404,0.134177,5172TH
51.881479,-2.206851,2221
51.532713,-0.699466,2602TH
51.430935,-0.496618,3115TH
53.732082,-2.153506,L12010
50.768235,-1.876842,43231
53.574576,-0.108253,E1696
53.917956,-0.929601,L2806
53.731625,-2.490617,713120
51.053328,-2.891431,52125
51.719476,-0.289861,2814TH
54.536126,-2.762643,761103
52.464571,1.564233,E23019
51.896722,-0.419615,4625TH
51.456735,0.334956,20
52.220498,-2.984666,055013_TG_326
51.774692,-1.356854,1201TH
51.641035,-1.163757,1993TH
52.064842,-1.966688,2036
54.67286,-1.733251,24008
54.094667,-1.334108,L2300
50.639598,-4.407654,47128
51.199702,-2.861707,52213
52.492126,0.938899,E21230
53.481022,-2.212509,690715
51.439017,-2.62578,53184
53.721999,-1.149345,L1812
51.839044,-0.027533,4980TH
51.764493,-2.556805,2124
51.543699,-2.464859,53147
50.863667,-1.166426,E11301
54.146645,-0.759757,F2809
50.795256,-2.522871,44216
50.968752,0.097884,E8360
50.206022,-5.49846,48187
53.329892,-0.644055,E1835
50.788684,-4.516349,49134
51.508084,-1.530219,2251TH
54.3317,-2.736971,730512
51.567832,-0.051025,5390TH
51.65178,0.119024,5459TH
51.008129,-2.832096,52153
52.849491,-0.275979,E47061
51.801923,0.634694,E22832
54.143859,-1.515258,L2203
52.212737,-0.938853,E4427
51.559236,-0.484082,2880TH
55.348353,-1.608289,22020
53.376972,-1.463457,L0410
50.92686,-2.768537,52116
53.429981,-1.423463,L0670
51.13829,-3.758506,45140
51.924207,-0.634231,E21987
50.390824,-4.753487,48140
54.567493,-0.898737,L2922
51.740019,-2.24687,2027
53.939721,-1.862096,F1903
52.028438,0.858403,E21852
52.080294,0.724408,E22563
50.401002,-4.039339,47119
51.470324,-2.566101,531115
51.363932,-2.788918,52204
53.671578,-1.697228,L1307
51.741057,-0.47337,2846TH
53.730048,-1.128583,L1803
54.887182,-1.700147,23042
50.763267,-1.296672,E15040
50.994106,-1.748006,43162
51.527366,-0.344873,3870TH
51.431118,-2.553489,53138
54.269289,-1.708806,F2206
50.681026,-2.189136,44207
50.392662,-3.711616,46162
51.411956,0.051097,4383TH
54.185605,-0.725015,F2702
53.59901,-2.095119,690200
50.928405,-1.777274,43125
53.210372,-0.117717,E1901-anglian
53.390594,-1.361999,L0313
52.568529,-0.123188,E4826
53.735693,-0.196665,L3313
54.889748,-2.913769,764020
54.562523,-1.309081,L3907
51.614894,-0.189437,3806TH
51.665333,-1.891795,0290TH
51.400276,0.019377,4319TH
52.334238,-0.683513,E2662
53.723209,-1.198257,F1806
50.789681,-1.971312,43213
52.953586,-1.989532,4121
52.062264,-1.622014,2092
51.393384,-0.331228,3104TH
54.065287,-2.285676,710102
52.329443,-0.919921,E2129
51.735268,0.019953,5313TH
55.177213,-1.871211,22011
51.035518,-3.265957,52107
52.191185,-2.501355,55040
50.776088,-3.403906,45131
53.485246,-2.26639,690511
53.71969,-0.67668,L3401
54.629699,-1.755963,24027
51.597129,-0.381769,2803TH
54.470289,-1.098857,F3808
51.78506,-0.75797,1922TH
51.638206,-1.179444,1899TH
53.677382,-2.317104,690140
51.356292,-0.888384,2435TH
52.678113,-2.791698,2018
52.045084,-2.752202,055002_TG_301
52.534933,-2.415835,2180
51.699985,-2.360238,2514
53.71016,-1.264561,L1831
51.713499,-1.420988,1090_w1TH
51.528776,-0.885703,2495TH
52.78322,-1.279553,4196
50.945909,0.731007,E6120-southern
53.907954,-1.694001,L2009
51.121978,-0.510356,3061TH
53.461005,-1.9867,692119
51.485795,-0.589124,2700TH
51.671889,-0.019618,5339TH
51.621195,-1.323534,1796TH
51.379146,-1.185549,2279TH
53.06433,-2.026812,4061
51.401613,-2.310449,53129
50.956335,-0.513508,E9920
50.468455,-4.713137,49153
53.599988,-1.294189,L0935
51.141596,-2.204737,43116
52.706226,-1.091508,4024
50.521452,-3.756985,46116
54.323263,-1.461847,F2322
52.89634,-0.340975,E4483
50.541735,-4.936938,49116
53.666557,-1.948497,F1240
51.416287,-1.732479,2210TH
51.294424,-0.57291,3087TH
53.694286,-1.813678,F1203
51.130927,-0.213274,3209TH
54.287705,-1.141251,F2508
52.192763,0.889367,E46059
50.990993,0.390419,E6600
50.698125,-4.51651,47175
53.392687,-0.776833,4099
51.023183,-3.519869,45122
53.662709,-1.748745,L1103
50.370495,-4.710608,48122
50.987637,-1.34415,E12430
51.835524,-2.26623,2269
53.212345,-0.44111,E1163
53.890881,-1.275696,F2002
53.512513,-1.282162,F0803
54.663532,-3.370199,752020
51.737776,0.446263,E22889
50.780011,-3.257213,45210
52.636354,-2.524962,2134
51.211692,-3.569292,51104
50.947386,0.734753,E6415
53.507062,-1.18877,L0703
55.227922,-2.17683,23024
52.839744,-2.174088,4052
52.118971,-0.054461,E22137
52.212835,0.120872,E60501
51.45237,-0.520468,2895TH
50.843259,-1.793572,43107
53.397737,-0.964956,4015
51.382923,0.075811,4372TH
54.183434,-1.354871,F2313
52.740528,0.387205,E41071
51.68119,-1.668729,0898TH
50.701997,-1.291783,E15110
53.876388,-1.891964,L1502
51.757544,-1.366384,1100TH
54.525555,-3.416967,744111
51.416099,-0.143444,4186TH
51.034896,-2.833902,52126
54.649895,-2.737527,761104
52.134462,0.141784,E21737
52.43909,-0.734823,E2273
55.722365,-2.16338,21009
51.769207,0.016685,5302TH
54.854785,-1.560716,24009
52.253951,-0.309376,E21862
53.143044,-0.241774,E1191
50.175819,-5.436545,48113
54.290034,-2.258043,F2290
50.655106,-4.353424,47129
51.826251,-0.856541,1911TH
55.066848,-2.946363,780001
53.699599,-1.292918,L1813
53.390658,-2.560365,693976
53.231179,-1.454659,L0235
54.672926,-2.234106,F3581
52.714919,-2.749968,2125
52.541117,-1.695622,4080
51.493159,-2.280981,53148
54.13342,-1.51864,F2216
50.71564,-2.409207,44217
52.29694,-1.777373,2621
51.919973,-0.123165,4815TH
51.097082,0.330342,E861
53.211297,-1.610938,4043
53.840383,-1.945702,L1405
51.236036,-0.578011,3080TH
50.117377,-5.552432,48188
50.595121,-3.615933,46135
53.166353,-2.209364,681006
51.456172,-0.954614,2298TH
51.161389,-0.135668,3232TH
52.805262,-2.011076,4006
52.051748,-2.720173,055807_TG_320
54.329748,-2.729924,730513
54.222378,-1.661545,L2241
51.414528,-0.499731,2901TH
51.008129,-2.832096,52154
51.981248,-0.715727,E21505
55.230707,-2.581702,23103
52.306909,0.351099,E21765
52.848235,-1.562071,4131
51.928793,-2.524006,055027_TG_328
53.527445,-1.645761,L0509
52.047653,0.950823,E22712
52.223407,-2.851042,055L010SG
51.145063,0.846976,E4330
50.943504,-2.608654,52117
52.335738,0.008586,E24255
55.602485,-1.769011,21037
51.70718,-1.465193,0904TH
50.681467,-3.470581,45141
53.798879,-0.799526,L3411
51.393329,-0.241392,4040TH
53.26654,-1.337263,F0103
51.410502,-0.247204,4070TH
52.197227,0.087527,E19035
51.323963,1.206421,E2500
53.664894,-2.315043,690150
54.774406,-2.993311,765052
50.935796,-1.368504,E12412
51.399312,-0.56131,2927TH
51.230803,-2.308252,531116
51.209432,-2.678492,52205
52.450441,0.982414,E21222
53.681545,-1.730465,L1308
51.797035,-2.348106,2153
54.482067,-2.351872,760101
51.053143,-3.969407,50139
52.089506,-0.721934,E21445
53.062491,-0.852881,4071
51.35329,-2.632652,53139
50.896759,-0.544372,E9930
50.690658,-2.479859,44208
51.616543,-0.126609,5364TH
52.217941,-2.213213,2872
50.732383,-2.752341,44110
52.058452,-0.704763,E21408
54.943457,-2.513542,23006
53.684963,-1.660794,F1385
53.608903,-2.109832,690201
50.873976,-1.773255,43126
50.551765,-3.916854,46126
54.085235,-1.761488,L2107
51.599864,0.249585,5546TH
51.520714,-0.500885,2884TH
51.553565,-1.803214,0311TH
53.513589,-1.312304,L08013
51.635466,-0.76901,2550TH
54.482917,-3.52339,744130
51.073436,-2.964828,52145
50.771447,-1.822108,43214
52.191595,-1.70123,2093
55.040628,-1.873213,22012
54.118746,-2.53947,724323
51.157688,0.815185,E4321
50.815958,-1.550253,E14270
52.081299,-2.563805,055018_TG_327
50.974487,-3.313793,52108
51.632205,-2.007169,0155TH
50.917501,-3.444578,45132
53.636353,-1.726911,L1113
53.794197,-1.535433,L1707
51.496948,0.020435,3
53.81982,-2.413116,712615
51.753242,-1.290099,1635TH
53.726098,-1.382805,F1301
51.424134,-0.003161,4327TH
53.242164,-2.499533,681210
53.707432,-0.725879,L24012
52.306762,-2.076947,2515
51.789307,-1.306931,1301TH
51.290615,-2.483966,531107
53.2536,-1.904027,4197
50.795583,-2.98435,45220
52.217851,1.492103,E24830
52.049066,0.461993,E22518
51.955175,0.426847,E22778
51.795602,-0.944321,1930TH
52.55994,0.510116,E22147
50.35115,-3.577216,46154
51.730432,-2.362218,2603
51.675126,-1.132094,1990TH
51.403467,-0.933245,2473TH
51.160588,-2.043272,43117
53.50515,-1.343017,L08041
50.441465,-3.852396,46117
50.566809,-4.75052,49117
51.528985,-0.716959,2655TH
53.404904,-2.056058,692370
54.79619,-2.954259,765850
50.799678,-3.999785,50120
51.30679,-2.280873,53120
53.896103,-2.779699,720107
51.58043,-0.426065,2807TH
51.3188,-1.019874,2409TH
52.354128,0.03732,E21747
52.461315,-2.207471,2084
51.810408,0.674711,E22815
51.85366,-2.578653,2320
50.215231,-5.476421,48160
55.363152,-2.180351,22003
51.201686,0.330336,E560
51.567382,-0.769176,2499TH
53.546445,-2.371963,690503
50.765655,0.29568,E7312
52.784469,-0.626388,E1299
54.011286,-1.199598,L2409
51.142186,-0.480399,3065TH
54.510602,-1.56287,F3702
50.570244,-4.318502,47139
54.458047,-0.824546,L2905
52.827359,0.847422,E25940
50.738205,-3.999871,50195
53.410314,-2.413046,693132
52.271031,-0.922807,E1660
51.204792,-0.1677,3247TH
51.529995,-1.135937,2002TH
50.752859,-3.047245,45211
52.373829,-0.149082,E24821
53.791155,-2.247834,712100
51.201053,-3.578034,51105
50.609187,-1.962716,44227
52.096497,-2.969481,055811_TG_9303
51.405736,-0.302166,3390TH
52.248411,-0.907242,E2928
54.988608,-2.141972,23025
51.344527,-0.604091,2976TH
52.727805,-2.117669,4053
50.861097,-0.928616,E10824
53.577909,0.107029,L3370
51.565511,-1.460667,1761TH
51.061485,-2.080366,43108
51.904243,0.020897,4939TH
51.896062,-2.069746,2223
53.957753,-2.073107,L1540
53.281649,-2.637784,682223
53.507328,-2.962574,694748
50.797163,-2.083018,43233
53.852195,-2.140021,712175
51.677124,-0.650282,2873TH
51.884939,0.365166,E22843
51.394835,0.016838,4320TH
53.744555,-2.6615,713122
51.054966,-2.936065,52127
52.67455,-2.379329,2669
53.720511,-1.705167,L1388B
51.64017,-1.826539,0390TH
51.39528,0.078815,4380TH
52.040422,-0.335802,E22351
51.64711,-1.451462,1757TH
52.671948,-0.303639,E2608
52.272126,0.706637,E21107
51.668821,-0.035081,5349TH
53.598766,-2.305182,690160
52.794313,-3.110292,2038
53.678129,-1.504919,L1355
52.681119,0.893649,E22078
51.650724,-1.973061,0144TH
54.109696,-2.63518,724528
53.385355,-1.462585,L0607
53.695235,-1.041398,L1814
54.358126,-2.748154,730203
51.441951,-0.535697,2899TH
52.011485,-0.9309,E60901
53.396899,-3.151606,685520
50.737824,-3.917597,50149
55.176863,-2.435206,23053
52.560205,-1.983428,4081
51.453682,-2.430325,53149
51.399708,-0.4156,3101TH
52.578191,1.650242,E24812
54.649317,-1.662117,24000
50.701633,-2.725949,44120
52.425882,0.720787,E23730
50.690388,-4.632983,49173
53.64031,-1.168065,F0920
55.001861,-1.604447,23016
50.387125,-4.061716,47120
53.341282,-2.127615,692500
52.699909,1.42677,E22129
50.126751,-5.525305,48189
51.670654,-0.380235,2830TH
51.306404,-0.772253,2432TH
52.865431,-1.335368,4007
51.591209,-0.244516,3829TH
54.58069,-3.317998,751612
51.053596,-2.891722,52155
54.226008,-1.654843,L2205
51.054966,-2.936065,52118
52.833221,-0.460655,E2896
55.674792,-2.160923,21038
51.144764,-0.19953,3210TH
51.201071,-0.194473,3240TH
54.891143,-2.9382,765090
51.238425,-0.311198,3270TH
53.430253,-1.358801,F0600
51.061255,-1.307865,E12450
52.198971,-2.389281,2029
53.514723,-2.038394,692440
51.32671,-0.917374,2458TH
52.473218,-0.911988,E1183
51.616448,-1.666745,0730TH
51.136761,-2.724464,52206
51.670899,-1.700313,0790TH
51.188851,-0.617671,3054TH
51.998052,-0.992004,E25055
53.709907,-1.22578,L1805
51.91358,-2.100884,2650
54.90486,-2.952852,765512
54.905964,-1.812313,23044
53.670881,-2.762213,700509
53.077901,-0.934277,4072
52.626317,1.699909,E24803
52.260974,-1.408027,2613
53.061892,-2.526064,680324
50.56481,-2.467283,44111
54.917259,-1.73922,23007
51.786053,-1.351198,1290_w2TH
51.938949,0.502982,E22022
50.391073,-3.701021,46127
52.546177,-0.832027,E4828
51.847313,0.423072,E22862
51.418046,-2.268627,53130
52.330674,-0.120798,E21163
50.740946,-1.806054,43215
50.667557,-3.538622,45170
52.274092,-1.88959,2094
55.049407,-1.741713,22013
51.019081,-3.133644,52109
50.915853,-3.279962,45133
51.948918,-2.227065,2057
53.699596,-1.630383,L1374
51.477287,-0.51406,2892TH
52.335121,0.531859,E60201
53.819613,-1.605025,L1708
50.951995,0.074349,E8293
52.377001,-0.269421,E19027
53.684084,-2.331538,690142
51.484688,-1.087539,2190TH
53.701941,-0.866423,L24013
52.462884,-2.061427,2516
50.458178,-3.525069,TORQ
53.268853,-1.437687,F0220
52.899642,-0.758767,4198
53.902947,-1.969516,F1525
50.795699,-3.111486,45221
53.701444,-1.793955,L1202
54.603631,-3.142486,750832
51.756247,-1.238765,1491TH
53.755632,-2.367683,712370
52.582389,-2.192192,2641
51.617793,-0.26653,3822TH
51.443821,-1.584692,2229_w1TH
52.153735,-1.697245,2010
51.819013,-2.28698,2270
50.428979,-3.681414,46155
53.425318,-2.62207,694039
51.391876,-0.03662,4335TH
50.748085,-1.780015,43118
52.627897,-1.613026,4026
54.853151,-2.881322,764050
54.54999,-1.365536,L3937
50.363074,-3.911208,46118
52.986895,-0.680145,E4225
52.922105,-0.319165,E4485
50.33114,-4.52005,49118
50.755479,-1.333222,E14670
52.242159,0.240538,E21191
54.426631,-3.489083,743509
50.793303,-4.090425,50121
51.320458,-2.373786,53121
53.092995,-2.488097,680403
51.232867,-0.864146,2451TH
52.408276,-0.556349,E2655
51.426522,-0.898188,2481TH
52.179799,-2.225461,2085
51.773132,-0.117522,4690TH
51.529307,-0.697199,2603TH
52.399868,0.289328,E23527
51.132851,-3.640854,45124
52.197687,-1.602579,2048
52.073044,-0.805148,E22088
50.13744,-5.406959,48124
55.093478,-2.481463,763117
54.408693,-2.177133,L2312
51.850671,-0.772585,1904TH
53.454585,-2.095579,692422
51.198942,-4.025648,50196
51.794792,-0.393076,2815TH
51.808843,-0.823619,1934TH
52.830878,1.126258,E21836
52.675277,-0.888192,4202
53.920115,-1.358935,F2004
53.37106,0.008655,E1759
55.767093,-2.005082,21999
51.203198,-2.389554,53196
51.793689,-1.564378,1080TH
54.202353,-0.566177,F2760
51.792981,0.16688,5169TH
50.688326,-3.294258,45212
53.377166,-1.053244,4091
52.026391,-2.629867,055816_TG_319
52.212963,0.746693,E22176
51.177714,-3.305414,51106
54.753822,-2.225251,24010
51.571155,-0.708557,2590TH
53.495204,-1.244769,L0705
51.264494,-0.544883,3073TH
52.694217,0.419367,E23740
51.690894,-1.607898,0901TH
50.983422,-1.382474,E12520
50.560822,-4.480182,47130
50.814742,0.357116,E7290
52.219934,-0.521475,E24451
52.383563,-2.322438,2001
52.656869,-0.382584,E1253
52.141965,0.148004,E22041
51.116941,-0.162605,3225TH
53.650296,-1.262804,L0928
51.076368,-1.862567,43109
54.554175,-2.944347,761514
53.942277,-2.272495,710160
50.479642,-4.795638,49109
53.556892,-1.819474,L1008
52.976338,-1.86056,4142
51.295161,0.507204,E427
54.488525,-1.439612,F3606
54.133301,-0.795495,L2809
51.206896,-0.57032,3069TH
51.184588,0.930529,E4341
51.419659,-0.18127,4180_w1TH
51.490876,-1.500149,2252TH
52.32,-2.523849,2039
52.160107,-0.63018,E21270
52.884248,0.770921,E21604
50.284843,-5.057324,48115
51.549497,-0.482704,2881TH
52.616269,-0.582013,E2734
52.049192,-0.852318,E21493
53.722779,-1.989756,L1221
53.731594,-1.147332,L1815
52.810944,-0.623165,E1652
51.888352,0.603806,E22798
53.219025,-1.493093,L0237
51.907359,-2.061419,2660
54.512818,-2.364477,760112
52.21309,-0.281653,E24317
55.017771,-1.614378,23054
52.571268,-1.201273,4082
51.473138,-0.917727,2301TH
51.626104,-0.060318,5357TH
50.796871,-2.656876,44219
54.734468,-1.589972,24001
50.761735,-2.688328,44121
51.222555,0.334684,E603
50.68979,-4.692972,49174
53.866048,-2.811986,720535
54.92056,-1.612265,23017
50.431671,-4.083069,47121
54.695931,-2.376978,F3509
52.95455,-1.833986,4008
50.99542,-3.985089,50140
53.330096,-2.227133,693435
54.388672,-1.653481,F2306
54.084353,-2.280457,710151
51.536448,-2.004702,53140
52.04668,-1.963362,2711
53.401832,-1.547627,F0513
54.640395,-3.34813,751613
52.530823,1.622843,E23917
53.933016,-0.774873,L2837
52.872053,-0.044732,E2080
51.010875,-2.758978,52156
51.053771,-2.289853,43225
51.547719,-0.420185,3625TH
53.007414,-0.020733,E10170
52.062065,-2.124922,2915
50.735862,-2.955096,44147
54.610449,-2.82694,761595
51.086792,-0.406225,E9883
51.307409,-0.510113,3086TH
54.667281,-2.757052,768005
54.827452,-3.162746,755825
53.460884,-0.474196,E40684
50.749836,-2.903287,44149
51.546208,-1.944367,531183
50.876605,-1.99157,43218
51.36697,-2.621881,53183
53.213749,-0.345212,E40411
53.837637,-1.706351,L1602
53.40368,-1.495054,L0511
54.976253,-2.095184,23020
54.851887,-1.937552,23002
53.721659,-1.209849,L1816
53.808702,-1.948901,L1431
52.243719,0.07758,E47050
51.784824,1.156997,E24861
52.255096,0.055885,E47041
51.644879,0.396505,E27675
53.751865,-0.333266,L3230
54.544678,-1.19878,L39011
50.665744,-2.480878,44246
53.048222,-0.396166,E47251
50.95784,-2.13093,43170
53.747798,-0.286429,L3241
53.86754,-0.367529,L3246
52.08954,1.540693,E24826
54.33056,-2.721958,730520
51.697359,-2.175147,2275
50.533603,-3.6024,46152
51.080046,-4.064537,50198
53.908662,-0.384682,L3205
53.720373,-0.235726,L3320
55.593513,-2.232993,21039
53.652632,-0.131044,L3331
53.908662,-0.384682,L3231
53.929542,-0.334541,L3112
53.934077,-0.357103,F3102
53.734403,-0.435579,L32014_NE
51.410875,-0.515797,2935TH
52.165149,1.494612,E41694
52.087062,1.316578,E23343
54.260742,-0.752236,L2516
52.799742,-0.132532,E65501
51.497183,-1.511619,2254TH
50.680293,-3.464585,45180
50.482427,-3.783081,46165
50.918719,-3.35971,45182
50.276953,-3.772303,46164
50.235473,-3.767553,46163
51.088829,-1.2729,3101SE
52.683384,-1.230147,46839
51.140192,1.287219,E5080
53.727802,-1.661253,L1377
51.085655,1.177662,1285SO
51.834606,-2.193371,2667
51.857643,-2.180344,2512
51.888033,-2.253216,2644
51.848593,-2.220433,2277
51.856617,-2.227456,2273
52.394519,-2.253581,2267
53.729568,-1.961304,L12041
53.242734,-1.453673,L02203
53.709879,-1.081836,L1811
53.225424,-1.425584,L0207
53.869559,-1.894095,F1402
53.691537,-1.517695,L1359
53.407069,-1.319287,L0311
53.649282,-1.06356,L0923
51.01358294,-3.519554699,45125
50.73260195,-2.767024356,44142
52.731659,-0.995681934,3680
53.90453829,-2.767831335,720105
51.22924652,0.412659623,E1880
51.49435416,0.026413696,DIFF_TB3_TB1
51.42656614,-0.898115194,2482TH
52.476009,-0.922226,E2097
50.27220804,-5.080319387,48119
50.68631376,-4.239458256,47126
53.08726672,-1.506571518,4117
53.99604097,-2.247662147,710103
51.63837405,-1.179108779,1900TH
50.172659,-5.109416,48143
50.61498055,-1.972223273,44223
52.12932827,-0.753139633,E23974
50.70720942,-1.499318871,E14980
50.29231625,-4.782615282,48120
51.50227517,-0.617646925,2733TH
51.44285683,0.029817266,4391TH
51.335047,-0.461040043,3091TH
51.14302984,-3.892642217,50130
52.1760162,-1.583205375,2900
51.0906938,-2.943768353,52245
53.78087139,-2.707902427,713453
50.70712657,-4.036492209,50131
51.49435416,0.026413696,DIFF_TB3_TB9
51.50417749,-0.641939555,2731TH
53.38903662,-0.326916983,E2143
53.00378318,-0.829177874,4191
50.73211392,-2.818933806,44148
52.40059469,1.335429165,E21117
52.53115401,-2.204276997,2706
51.50417416,-0.641651486,2732TH
51.49435416,0.026413696,DIFF_WestUR_EastDR
51.171954,-0.007351,E1170
51.47841286,0.216599681,DCB_UR
51.50796699,0.17415236,5562TH
50.08575776,-5.317215755,48123
51.33587082,-0.940772209,2448TH
51.88181432,-2.788466651,55044
50.69542487,-1.305473787,E14811
52.19195777,-2.718662695,55041
50.735421,-3.981173,50127
53.4381155,-2.215139327,692830
50.83933505,-2.934852712,45223
50.50960994,-4.568757442,49128
52.13421261,-0.46237802,E1048
50.86026578,-0.976234205,E11321
52.39358011,-1.551005168,2215
51.72888206,-0.008438959,5312TH
53.16882381,-0.801353859,4199
53.73680319,-2.496786495,713118
52.8057894,-1.245714469,4109
51.51559422,0.097043967,BB_EAST_UR
51.42957418,-0.318329366,3401TH_TAOD
51.4818065,0.186734419,18
51.20209295,0.332504072,E570
51.76133821,-1.835710611,0655TH
51.32914901,0.452353948,E170
51.06502716,-1.307095009,E12460
51.25038728,-0.571335697,3084TH
51.20800306,-1.481027445,E13860
52.4068899,-1.522293583,2213
53.72542195,-2.285623818,690137
51.15305102,-1.458766996,E13961
51.0228912,-4.228550839,50129
53.27655647,-2.854005938,684029
53.42937748,-2.288163683,692717
51.30877982,-0.494917662,3004TH
51.01189041,0.398508155,E6621
51.99881591,-2.155464727,2099
53.37588176,-2.538600529,693555
52.40108924,-1.495811693,2218
52.28676237,-0.217225233,E21897
53.23659992,-1.145421445,4044
52.63503314,-1.945204182,3275
50.28810436,-5.057477183,48168
50.9976538,-1.496201348,E13480
53.13623007,-1.2028707,4238
51.12525206,-0.173636434,3213TH
52.39660435,-1.591683608,2216
52.21196333,0.119366951,E60502
52.64400677,-1.733851435,4095
52.36621428,-0.572408321,E4453
51.39610179,-0.243370005,4063TH-southern
50.71227084,-2.761296062,44133
50.98959285,0.475734619,E6630
51.00935546,-1.498925407,E13510
53.39500708,-2.193868379,692675
51.92420679,-0.634230931,E22300-anglian
51.08854156,-1.188234622,E14821
51.86143775,-1.303136939,1460_w2TH
51.41297196,0.120315079,E15460
50.34342373,-4.751783178,48111
54.8967526,-2.903604897,764115
51.95134904,-1.997749232,1005
51.5011353,-0.612494726,2736TH
51.0347304,-1.547141118,E13540
51.29583209,-0.544825128,3088TH
51.4966776,-2.066913569,531167
53.49881507,-2.493652024,690340
52.12787743,-0.425182248,E21046
53.41438812,-2.155893161,692510
53.44970095,-3.017918102,E70139-north_west
51.04462623,-2.843819535,52234
52.38710675,-1.128913913,2649
52.93423444,1.301631443,E5755
50.96909878,0.098611991,E8364
51.50103791,-0.604285447,2747TH
53.44979494,-2.218209885,692825
51.68976468,-0.554869977,8208TH
53.50374865,-1.027735624,4050
50.76401888,-1.536996642,E14520
51.15884919,0.825196689,E4320
50.56449039,-2.452469259,44135
51.47841286,0.216599681,DCB_DR
51.4456363,0.743415986,4
50.66473108,-1.151699178,E15124
52.87947165,-1.254838558,4127
51.56752366,-0.49086238,2879_w1TH
50.56480957,-2.467283348,44134
51.75121767,-1.24659931,1490TH
51.15301103,-1.450188674,E13823
51.55314119,0.236647205,5550TH
51.12525206,-0.173636434,3212TH
52.23610666,0.176171197,E23983
51.54757293,-2.487381445,53195
52.67761762,-2.340056855,693120
53.4380353,-2.255782602,692800
51.23373221,-0.288379423,3269TH
50.69318769,-1.108712402,E14992
52.60545568,0.062745047,E1472
50.18796058,-5.423868015,48112
52.56739299,-1.525701485,4123
51.57083093,-0.2450268,38_BRENT_RES
53.50937342,-2.28870651,690551
53.50506969,-2.506856868,693021
51.15301103,-1.450188674,E13820
50.36500808,-4.713698769,48114
50.56480957,-2.467283348,44137
52.65153737,-0.260078745,E1142
51.49274123,-0.594743532,2759TH
52.40184081,-0.544800064,E2061
50.5707356,-2.460592177,44136
51.19269663,0.23945582,E15667
51.17277669,0.173654665,E1141
51.36010783,-0.90689171,2436TH
53.50937342,-2.28870651,690552
52.51596065,-1.880218056,4878
51.14229306,0.87708895,E4360
51.21598607,0.444902414,E2280
52.60545568,0.062745047,E1466
53.16189403,-0.576062731,E2740
50.4701758,-4.71685782,49114
51.1935634,0.216139516,E660
50.09989785,-5.279647533,48198
53.37103432,0.008563243,E2997
50.95464628,-1.533682443,E13291
51.30699444,-0.537112292,3078TH
52.23788111,-0.840135453,E6135
51.19458448,-1.496920039,E13870
53.926518,-3.00474,720763
53.26826615,-2.931164743,685120
53.36575421,-1.699474201,4092
50.50576025,-4.493514573,49119
50.904593,-3.479351,45172
53.49608728,-2.501157272,693023
52.41937875,-1.99075862,3167
54.03203958,-2.92033456,733548
51.02194006,-4.20283773,50128
50.26006784,-5.279221851,48174
51.02005386,-3.10053298,52244
53.73825256,-1.290586861,L1711
53.19665477,-1.902133302,3307
50.75195684,-3.454771172,45163
51.20940236,0.371531753,E690
52.3549225,-1.51461683,2004
53.10201715,0.316737548,E1030
52.25422823,-0.308017812,E21863
51.09029003,-1.181064621,E12801
50.88023512,-4.668925997,44108
51.00633504,-0.079314859,E8353
55.00753137,-1.439657636,LN23999
51.2671743,0.076325141,E15230
50.33594698,-4.52527968,49179
51.40494123,-0.540214679,2916TH
53.44617985,-2.2287306,692820
51.49300744,-0.594447249,2757TH
53.48267517,-1.917345693,692100
50.86975119,4.32604E-05,E8730
51.46815089,-0.250682684,4092TH
51.20209295,0.332504072,E573
51.51094441,0.165848741,5563TH
51.5235186,-0.642661628,2715TH
50.27220804,-5.080319387,48142
51.1915709,0.028558348,E1120
50.17246513,-5.108912954,48141
51.10223525,-0.173972332,3219TH
50.59565546,-3.682939229,46134
51.40349443,-0.836850987,2605TH
53.49897636,-2.529456857,693006
52.55739568,-1.681348914,4755
51.01186115,0.399932346,E6610
50.88814477,0.244267627,E8011
52.36522959,1.249017625,E21785
51.50817334,-2.718079688,2292
51.81938664,-0.786130565,1919TH
51.51559422,0.097043967,BB_WEST_DR
53.28817779,-1.579114009,3404
51.01087549,-2.758977536,52232
50.9506797,0.728538534,E6111
51.90770477,-0.668515917,E21188
51.02479578,-4.213525977,50148
52.1359179,-0.99620097,E23668
51.43901743,-2.625779577,531171
51.38187043,-0.966582001,2421TH
52.66300615,-2.143591126,4177
50.859191,-3.133654,45262
52.54873887,-0.122557156,E1960
51.3843265,-2.379307237,53128
52.67796667,-2.108142869,4170
52.21196333,0.119366951,E24028
52.75803773,-1.162817344,4741
50.29231625,-4.782615282,48146
51.48625362,0.228517767,E26233
50.8236356,-4.438866873,47174
54.57528721,-3.314806531,751511
52.73140818,-1.705183511,4171
51.45065614,0.033818919,4387TH
51.04711735,-2.881540155,52238
51.19847964,-0.584392059,3057TH
52.62822265,-1.475551739,4173
51.08049801,-1.523853777,E13301
52.69868384,-1.610846892,4175
51.56908454,-0.489872807,2879_w2TH
51.49435416,0.026413696,DIFF_EastUR_WestDR
51.82447056,-0.789113628,1923TH
50.61038321,-1.964707337,44226
50.97169657,-1.339817239,E12500
51.4966776,-2.066913569,531168
52.23664571,-0.842510721,E6106
50.61210095,-1.965101793,44225
51.19134072,-2.542282372,52226
53.19854613,-1.906769443,4033
51.85291658,0.963605281,E24322
53.46088435,-0.474195913,E1598
53.04126632,-2.746955703,694121
52.41790806,-1.546479527,2129
51.51463632,-0.683854714,2723TH
50.81940145,-1.451274462,E14330
52.28620255,-1.549041524,2049
50.19188249,-5.380623531,48109
52.14192735,0.148075611,E22042
53.99970912,-2.849658675,724839
52.34088144,-1.512833013,2019
52.86490907,-2.309123631,4840
52.36629298,-0.571480476,E1382
54.03186102,-2.920177941,E73439-north_west
53.53416298,-2.578628386,693001
51.03487739,-2.833958656,52248
50.89634086,0.238973158,E8005
54.65074591,-3.567094248,E73639-north_west
54.2818757,-0.389915866,L2600
50.68272862,-1.517923592,E14690
52.72384233,1.354138404,E23177
54.52468142,-3.409458095,744010
51.18891227,-0.618299053,3053TH
52.89096067,-0.623604113,E3013
50.94274205,-0.268411885,E9260
51.15125271,-1.458788022,E13951
53.47093289,-1.965681307,692117
50.91337422,-1.491279303,E14120
50.91138571,-1.50993415,E14540
50.6649036,-1.175750036,E14722
53.38903662,-0.326916983,E2151
54.92501152,-3.118980063,766010
52.54873887,-0.122557156,E1959
51.42957418,-0.318329366,3401TH_AOD
51.21579599,-3.133887713,52106
50.69694839,-4.51185877,47140
53.49382367,-1.827293425,692114
50.83293585,-1.461055837,E14550
50.650314,-3.64162,46112
51.0734364,-2.964827751,52236
52.01142283,-0.930974077,E24964
52.99526872,-1.986021033,4188
50.93782968,-0.301330406,E9155
50.7881038,0.06070067,E7421
51.49452344,-0.593392248,2758TH
52.99147532,-2.013284571,4181
53.943587,-2.761388,720102
51.45944089,-0.540779847,2872TH
51.49435416,0.026413696,DIFF_TB2_TB9
52.13479738,0.142106716,E21739
50.61398339,-1.977043486,44222
50.33157738,-4.520635454,49178
50.5950933,-3.615960465,46136
52.98636324,-0.97757056,4189
53.98644187,-2.429480368,711007
51.04171134,-0.097823456,E8240
51.18634496,-0.709252194,3045TH
53.32717807,-1.91084416,692230
50.93068693,0.579347747,E6150
52.39664307,-1.992600277,4160
52.56010369,-0.217965515,E2634
53.50160793,-2.453477224,693033
51.20380105,0.268053689,E680
51.28985757,1.316653997,E3471
51.07287167,-2.923422725,52240
50.99676075,-1.497636002,E13490
51.51559422,0.097043967,BB_EAST_DR
51.06054831,-1.310015756,E12513
51.49435416,0.026413696,DIFF_TB2_TB1
51.04899555,-2.41250984,43229
50.98869846,-1.504846699,E13500
50.92497578,0.05109047,E8330
51.7586836,0.013665853,5300_w2TH
51.51559422,0.097043967,BB_WEST_UR
50.83003724,0.02549706,E7435
50.71669726,-3.52834602,45142
52.88665671,-2.182004249,3014
52.0819356,-1.321102705,1415TH
51.46541351,-0.322425326,3697TH
53.40252778,-2.235339665,692706
51.49435416,0.026413696,DIFF_WestUR_WestDR
51.2741552,1.16925012,E3400
50.949713,-0.529578,E29202
50.83098763,0.02566601,E7430
50.80646247,-4.536396672,49168
53.45485495,-2.095579139,692421
50.54012889,-3.550855621,46131
51.17792661,-1.396961402,E13851
53.16189403,-0.576062731,E2739
52.53165605,-1.958157315,4084
50.54012889,-3.550855621,46132
51.42829932,0.023993198,4384TH
50.88030698,-4.668930106,53145
51.48625362,0.228517767,E26231
51.20209295,0.332504072,E576
50.926653,-1.787583457,43163
57.14465507,-2.079873761,L0001
51.421965,-0.173411,4189TH
53.70703072,-0.725315663,4088
51.46876715,-0.620387386,2645TH
53.490562,-2.260696,690540
54.65076407,-3.567079447,753137
50.99643578,-0.51010351,E10018
51.27582826,0.095354706,E921
51.49435416,0.026413696,DIFF_EastUR_EastDR
51.74822181,0.004942905,5304TH
51.7586836,0.013665853,5300_w1TH
52.28676237,-0.217225233,E61804
51.92420679,-0.634230931,E22561
52.06301,-0.710466,E22377
50.66712431,-1.184625696,3610SO
52.56864145,-0.1881081,E2015
52.23788111,-0.840135453,E6120-anglian
51.37421073,-0.478405351,3399TH
51.28985757,1.316653997,E3470
52.24208398,-0.810733901,E1005
52.33054602,-0.228321642,E24492
53.43115301,-2.297206185,692722
52.268775,0.20855,E24102
53.30539189,-1.088222859,3901
51.22281008,0.419484065,E1910
50.99042939,-1.489155545,E13440
52.59513366,-0.54430983,E1007
50.85394235,0.049180158,E7441
50.90630316,0.038890419,E8371
50.99042939,-1.489155545,E13442
52.0802701,-1.319157981,1414TH
50.78968083,-1.971312223,43235
50.95477566,-0.558421054,E10530
51.05902956,-2.717670929,52122
52.0759805,1.102429692,E23042
51.11657788,-2.993185972,52243
52.87961821,-2.553379944,2052
54.06359388,-2.79187883,724647
51.0673973,-2.269530263,43237
51.99690581,-2.373352497,2607
52.56341425,0.317756466,E22095
52.58636229,0.339635423,E21381
53.48790696,-2.637167417,694020
51.05368356,-3.47806243,45129
53.39601034,-2.112665797,692388
50.88045968,-4.668938836,53156
51.2072271,0.390032443,E700
51.82125685,-1.232374185,1489TH
51.44391068,0.100161966,E15370
53.40664492,-3.059159958,685519
53.07919765,-2.052870543,4895
52.26965221,0.212140657,E21026
52.56411484,-1.20029689,3999
50.9152898,0.039283173,E8654
51.2931316,-0.772234002,2423TH
52.32008447,-0.205967423,E23774
51.7641697,0.01362014,5290TH
53.00741442,-0.020732872,E1656
51.0668339,-1.308495193,E12493
50.99400853,-0.394756163,E9120
51.51247827,0.159234149,5545TH
51.02183782,-3.531302741,45165
51.06123393,-1.794460501,43161
51.3394335,-2.712438565,52209
52.44019653,-1.475211598,2207
51.19795005,0.414344801,E1920
51.14197034,-0.824708139,3029TH
52.145941,-0.521734,E26141
52.5209938,-1.44072093,4149
54.110374,-1.785817,F2108
51.06395923,-2.913255789,52241
50.94452047,0.064762722,E8270
50.81940145,-1.451274462,E14331
50.26006784,-5.279221851,48193
51.11636477,-2.992867088,52242
53.10364294,0.231670042,E1675
53.02938104,-1.486357136,4883
51.03719929,-2.976468941,52235
51.04711735,-2.881540155,52237
51.04462623,-2.843819535,52233
53.10220807,0.317091408,E1029
51.07287167,-2.923422725,52239
50.64804441,-3.4319114,50182
51.7612481,-1.835566046,0657TH
53.63039817,-0.187592142,L3360
52.44665085,-1.487390974,2209
53.74849921,-2.710390769,713354
51.3503519,-0.250864445,3345TH
52.23096632,-0.897274117,E1052
52.28031829,-0.222174953,E41848
52.23096632,-0.897274117,E1293
53.71389482,-0.304430226,E1152
51.47403202,-2.561625475,531161
52.23202625,-0.885680203,E1413
50.73910748,-2.758202491,44140
52.98103653,-0.029967945,E1460
51.38249999,-2.356804173,531173
52.23203316,-0.886412161,E1367
50.73910748,-2.758202491,44139
50.83131716,-0.85788687,E11090
51.17330499,-2.277442946,53189
50.73201625,-2.752023402,44146
51.50592919,-2.717468068,53157
51.52216939,-2.064918815,531163
50.79698343,-2.083074077,43234
51.47793144,-0.504592421,2866TH
51.51169349,-2.066546586,531166
51.38212651,-2.39739422,53152
51.38212651,-2.39739422,53151
50.47170834,-4.718637044,49152
51.47403202,-2.561625475,531162
52.98103653,-0.029967945,E1427
51.31893202,-2.20061939,531180
51.51169349,-2.066546586,531165
52.68399189,-0.46146974,E2834
51.23080306,-2.308251744,531117
51.28866656,-2.474596201,531110
51.50592919,-2.717468068,53158
50.84728638,-0.757338905,E10961
52.013101,-2.175315,2624
53.40574514,-0.450595927,E1534
51.25643515,0.488613318,E551
51.50592919,-2.717468068,53118
50.84728638,-0.757338905,E10960
51.38249999,-2.356804173,531174
51.7286497,0.709257429,E24870
53.373959,-1.463059,L0401
54.11816809,-2.045026632,L1970
53.33281468,-1.318081955,L0316
52.23459093,-1.07890806,E1833
53.74958288,-0.969265196,L2801
54.56411207,-1.287015969,F3904
53.74958288,-0.969265196,L2400
52.13373257,-0.460042182,E21606
52.14456075,-0.316795977,E21648
50.98963228,0.755049832,E6381
53.5148469,-1.59055064,L0508
52.13421261,-0.46237802,E22596
52.42310417,-1.431916175,6303
54.65392968,-2.291343636,F3507
53.33017,-1.322509,L0317
52.43523299,-1.91350281,4206
54.08195724,-0.876868079,L2808
50.98963228,0.755049832,E6380
52.35267175,-1.567041069,2627
53.4758425,-1.299353937,L0716
52.7204463,-0.363945302,E3006
52.74049256,0.387203318,E87030
52.84599139,-0.100847909,E2044
51.54959494,-0.481215377,2854TH
50.70256757,-1.296871941,E14710
52.26448763,-0.717817855,E2721
55.17770137,-2.461264654,23055
51.76431953,0.014322434,5291TH
51.46275902,-0.511451187,2869TH
51.72667283,0.515085967,E21891
51.56137242,-0.38084561,0328TH
52.69167437,-0.398017888,E2587
51.73001409,0.484858549,E24075
50.937693,-0.301834,E9157
52.18097331,1.007324428,E23278
52.08935357,-0.722011424,E22025
51.45813126,0.014948316,4388TH
53.74096362,-1.368759542,L1741
52.08935357,-0.722011424,E21441
51.450401,0.173287,E15260
52.28925028,-0.680448795,E1941
53.74848841,-1.422600946,F1702
51.20202702,-3.597033386,51101
54.85455756,-1.964666035,23060
51.40226729,-0.187638691,4175TH
52.19641435,-0.74172403,E4478
52.1312057,0.205231117,E21412
52.23834267,-0.711248917,E1949
52.05959642,-0.705838473,E21404
52.19689568,-0.891972304,E27541
51.37085844,-0.151524467,4151TH
51.94687703,-0.277296508,E24817
52.15156526,0.067161474,E21722
52.22889897,-1.110446157,E1204
52.02674919,-0.26682404,E22346
52.22723638,-0.951684563,E2779
52.27125868,-0.922171007,E1935
52.36548114,-0.421446727,E26181
51.39833834,-0.18362501,4173TH
52.2549044,-0.929057396,E2065
52.09328129,0.292648865,E21830
50.87059697,0.548637476,1817SO
51.42202444,-0.174343814,4188TH
52.233542,-1.059894,E1825
52.33197345,-0.681966285,E2663
51.98303828,-0.765476238,E26151
52.49388595,-0.649291604,E1311
52.19188903,-0.738925866,E4481
51.41336008,-0.183892526,4177TH
52.20090844,-0.741597121,E4480
52.2189805,-0.667893658,E4819
51.39480528,-0.170396486,4171TH-southern
51.39480528,-0.170396486,4171TH-thames
52.21116469,-0.776433555,E1366
52.45839234,-0.612111236,E1633
51.61228545,0.523200856,E21509
51.98078997,-0.715813208,E21501
52.13178326,-0.962048966,E24518
52.42325418,-0.954394993,E4800
51.01093668,0.444508286,E6652
52.04047854,-0.335362299,E22353
51.52613649,-0.488324412,2857TH
52.6682564,1.218212113,E19862
52.68399189,-0.46146974,E2835
50.91126291,-1.481487903,E14111
52.22977572,-0.934054605,E1097
50.91126291,-1.481487903,E14110
52.66855672,-0.754825222,E4829
53.75180142,-0.333207801,L3206
53.37958943,-0.307216385,E2154
52.6682564,1.218212113,E19866
53.37958943,-0.307216385,E2162
52.68174557,-0.360953885,E3055
51.851486,-0.376102737,4641TH
54.3307078,-2.743458417,730507
51.62719465,-0.28706326,3803TH
52.47621664,-0.963623354,E27501
52.53973557,-0.743831067,E1523
52.59990003,-0.244627867,E27521
51.59444177,0.43124533,E24845
53.21034878,-0.116220862,E2992
52.66711867,0.15907384,E4835
52.68399189,-0.46146974,E3043
52.20269335,1.491850257,E21022
53.27587215,-0.636766577,E1451
51.723799,-2.199658,2205
52.68174557,-0.360953885,E2775
51.68374656,-0.010926684,5323TH
52.00313055,0.890464747,E22698
52.76537557,-0.362261702,E2089
51.13054793,0.879217511,E4420
52.47109875,1.479203984,E22211
52.47109875,1.479203984,E22173
51.46398571,-0.340256956,3695TH
52.66435787,-2.905911393,2265
51.727361,0.439820635,E21194
51.69727409,-0.013227679,5321TH
51.73772599,0.446926132,E22890
52.17248846,1.44852099,E23028
52.05436814,1.137403747,E26951
51.76705321,0.560813572,E24207
52.77921262,0.961997067,E21726
51.55303211,0.641099722,E21971
52.20103626,1.547346911,E24822
52.58179594,1.087852679,E22063
51.56741818,0.680897312,E22918
52.61321331,1.311893125,E22044
51.89134174,0.915230834,E24093
52.87602651,1.410474438,E24001
53.20848093,-0.11181033,E1488
53.22874345,-0.528902826,E1407
52.45593632,1.444144625,E23361
53.2318051,-0.558762098,E1492
52.33651026,1.528822246,E21791
52.60667333,1.72338303,E24816
52.08066601,0.724664419,E22564
52.54690154,1.281608042,E23265
51.73772599,0.446926132,E45951
52.34752258,1.460671281,E24813
53.27587215,-0.636766577,E1449
51.74675402,0.624860824,E23534
52.65597105,1.20695653,E23081
52.62766612,1.222620723,E23073
52.65595028,-0.381139006,E1254
52.63306131,1.288056988,E21621
52.38253255,1.273805183,E23223
52.85686259,-0.62913883,E1657
52.85686259,-0.62913883,E1658
53.29779934,-0.131882378,E3026
53.02113732,-0.379100541,E3057
53.14821288,-0.418012709,E2886
50.704049,-3.974907,50147
53.66352164,-2.172551363,690232
52.09385693,0.415972495,E21985
53.12972153,-0.592072956,E2812
52.13716198,1.235305635,E21854
52.79068987,1.455967784,E21158
52.21068721,-1.013543065,E4821
53.12972153,-0.592072956,E2813
52.36162228,1.470588914,E46041
52.04899193,0.46207614,E22519
51.97988284,0.95741862,E22720
52.62085994,1.306352801,E37212
52.46043862,-0.713605238,E4486
51.547893,-0.46447,2888TH
52.33736376,1.530358634,E23169
52.36316191,-0.697340123,E4489
51.36647347,-2.622204294,53160
52.38529135,1.669424796,E24836
51.89134174,0.915230834,E24077
51.98998515,0.394353549,E21332
53.37958943,-0.307216385,E2158
52.20103626,1.547346911,E46021
52.08326499,1.232863138,E23249
52.713553,0.925589396,E21011
52.69955922,1.312924299,E21865
53.50792368,0.040547414,E5310
52.65595028,-0.381139006,E1255
53.22089481,-0.548643583,E4902
52.45830005,1.457138908,E27472
53.22089481,-0.548643583,E4900
53.30367286,-0.484488351,E27511
52.092341,0.693284891,E22552
52.62766612,1.222620723,E23069
52.64221039,-0.498407978,E2993
52.34879735,1.192003468,E23235
52.59781405,1.261782997,E22018
52.64770477,1.24627487,E21581
52.05983197,1.1348687,E25952
53.22257529,-0.540498172,E40135
52.95094048,0.740390583,E23056
52.15942786,1.371463055,E25767
51.75412166,0.657167165,E24068
51.80137931,0.635286421,E22834
52.63306131,1.288056988,E21623
52.62557424,1.064334283,E24804
52.18840442,0.962465398,E22369
52.27658669,1.456603733,E22024
53.21261109,-0.443585869,E26981
52.7697002,1.479260685,E42895
52.60633764,1.246166883,E21773
52.12953478,1.390132006,E23218
53.26702578,0.196681934,E1491
51.98998515,0.394353549,E22476
52.31014264,1.520251185,E24808
52.04647323,0.693442034,E22570
52.72076976,-0.141830027,E4418
52.15156526,0.067161474,E45688
52.0471102,0.693115719,E22571
52.88272693,1.066095441,E21858
52.93473985,0.891573574,E23316
53.29173731,0.122926128,E1056
52.18840442,0.962465398,E21322
52.07700834,0.490953351,E22505
52.17495013,1.331675431,E21738
52.94937975,-0.702124555,E3041
52.25546316,1.561952173,E23214
53.42848239,0.013829953,E4882
53.15799052,0.217825164,E1597
53.16980165,0.154306356,E4928
55.5982266,-1.830133018,21041
53.48902473,-0.173231219,E4912
53.13260944,-0.146530497,E2991
50.08377995,-5.291912567,48196
53.991789,-0.916086,L2810
52.97887347,-0.607407272,E3053
54.149245,-1.570495262,L2225
51.52362211,-0.489286969,2858TH
52.56966359,1.104711395,E24834
53.56446127,-0.127006303,E27454
51.73642421,0.47941653,E22870
51.46710652,-0.49979222,2868TH
53.13260944,-0.146530497,E1685
51.52638971,0.091773334,5484TH
52.75356865,-0.290097102,E1957
51.43856301,-0.517992989,2877TH
52.921584,-1.283492,4427
50.08377995,-5.291912567,48197
52.24523639,-0.904229263,E3068
50.08377995,-5.291912567,48195
53.17771577,-0.621924623,E1720
52.22840887,-1.153852306,E1943
53.47704075,0.013115014,E5314
52.5886374,-0.602095629,E3042
51.9553628,0.427322943,E22779
52.99991088,-0.420458788,E4218
52.97887347,-0.607407272,E1712
52.6640759,-0.595253765,E2783
53.15746102,-0.12601589,E4910
53.27534177,-0.402164353,E2986
52.91003748,-0.647089948,E20024
52.6693626,-0.586210924,E3025
53.52441847,-0.076454557,E46631
53.08037018,-0.614480194,E3012
52.69167437,-0.398017888,E2590
52.5389168,-0.737853332,E3049
53.02266918,-0.746144709,E2987
52.65153737,-0.260078745,E4409
51.88445606,0.365489404,E22844
53.58866726,-0.205983086,E46371
52.5389168,-0.737853332,E1114
52.56312987,-0.365379108,E1298
52.89043865,0.089883028,E2081
53.22815694,0.330270573,E3044
52.22640666,-0.946345611,E2219
51.62473867,-0.285754387,3802TH
53.25104474,-0.312295183,E3015
52.57478906,-0.76434491,E4811
50.937956,-0.300728,E9150
53.23021857,0.335641836,E2892
50.09900074,-5.280830953,48194
52.46459965,1.56388162,E27431
53.1520984,-0.583863961,E2671
52.52681939,-0.428685005,E1551
51.52337842,-0.489914863,0321TH
51.75361444,0.012469598,5303TH
52.56014246,-0.281400578,E1996
51.50179996,0.298065953,E22901
52.19457833,1.273138021,E21397
53.56446127,-0.127006303,E27452
51.44708026,-0.347907102,3678TH
52.52233794,-0.278454486,E4400
51.0375855,-2.835019931,52231
52.06173,0.194279,E21778
51.0375855,-2.835019931,52230
53.98547178,-0.374694989,F3105
53.76752071,-0.330430664,L3208
53.98547178,-0.374694989,F3123
53.83905032,-0.395250102,L3207
53.8748733,-0.317942973,L3250
53.97828975,-0.334000007,F3120
52.47321785,-0.911988424,E3054
52.17630567,-0.796401932,E4810
52.71601452,-0.368552639,E2604
53.80455565,-0.309247952,L3243
52.47953892,-2.976084917,1412
52.41755476,-1.126182157,2611
51.19235477,-0.598504279,3056TH
51.3857958,-0.163569897,4169TH
53.67726712,-0.525432538,AN-SFRB
52.98103653,-0.029967945,AN-BOST
53.10201715,0.316737548,AN-BURG
52.74049256,0.387203318,AN-KLYN_BACKUP
51.85291658,0.963605281,AN-COLN
52.87205264,-0.044732118,AN-FOSD
53.29300523,0.297050798,AN-BOYG
52.57206527,1.737808498,AN-YARM
51.85291658,0.963605281,AN-COLN_BACKUP
52.74049256,0.387203318,AN-KLYN
51.78400275,1.157751489,AN-CLAC
53.71389482,-0.304430226,AN-GOX
52.80823181,0.210573099,AN-WLHS
51.74759943,-2.214291237,2226A
51.74691836,-2.21795261,2206A
51.42629728,-2.460199957,0
51.593577,0.429596,E22004
52.17709993,-2.28825743,7086
50.97515819,0.111705801,E8282
50.97515819,0.111705801,E8280
53.45848811,-1.987152351,692118
55.16249043,-1.76129351,22021
53.6986572,-2.200700267,690115
53.69474052,-2.251855348,690105
53.58604501,-2.088957259,690185
53.70023432,-2.283105374,690139
55.244482,-2.216223,23033
53.43744641,-2.705657042,694122
53.46390278,-2.773441163,694075
51.08998613,-1.271025663,E12382
50.93677858,-1.367351668,E12411
50.88478473,0.035107311,E8313
51.08669357,-1.181128113,E12782
50.6649036,-1.175750036,E14723
51.09028002,-1.179636917,E12792
50.99055478,-1.335275424,E12443
51.03903839,-0.099359366,E8263
51.19008756,0.161588859,E1154
51.17293948,0.800304392,E4372
50.99964063,-0.402813615,E9184
50.83293585,-1.461055837,E14552
51.00935546,-1.498925407,E13512
50.95477744,-1.369954842,E12402
51.08854156,-1.188234622,E12552
51.80936253,1.21756436,E43214
51.25086506,0.446967443,E641
51.14229306,0.87708895,E4362
50.95797969,-0.264997699,E9132
51.15301103,-1.450188674,E13821
51.15301103,-1.450188674,E13822
51.22452543,0.335070457,E602
51.7586836,0.013665853,5300TH
51.09029003,-1.181064621,E12802
50.69542487,-1.305473787,E14812
50.91138571,-1.50993415,E14541
51.19599722,0.254902702,E16124
51.19861275,0.415352854,E1922
51.2741552,1.16925012,E3403
51.19599722,0.254902702,E16120
51.01189041,0.398508155,E6619
50.98790559,-1.343861605,E12432
50.96512384,-0.323121285,E9252
51.28927553,0.509034917,E580
51.17792661,-1.396961402,E13850
51.13014783,0.878663714,E4423
51.13561907,0.892399808,E4417
51.5768733,0.616645476,E41434
52.75136617,0.393310512,E47901
51.38637542,-0.501283843,1674TH
51.43628205,-0.747237538,2613TH
51.71507488,-1.419722735,1090_w3TH
51.44976182,0.173832567,E15262
52.33651026,1.528822246,E21794
52.75136617,0.393310512,E47907
50.64596749,-2.420834875,44247
51.41556511,-0.477622376,8207TH
50.292259,-4.781629,48145
52.87586141,0.218395383,E71339
50.80985785,-2.726377121,44150
53.55514646,-2.624199633,700320
54.15501856,-3.184713841,738345
53.74443351,-2.490386931,713119_TEMP
51.08658253,1.052146107,E5680
51.4654976,-0.253663508,4087TH
50.64804441,-3.4319114,50181
54.19770913,-3.098667717,736420
54.16004989,-3.176664062,738360
50.90459271,-3.479350927,45181
51.09131991,1.007866593,1113SO
50.97502045,0.964524186,E5485
53.62621916,-2.575502558,700401
53.60687876,-2.559823824,700399
51.89548294,-1.135776338,1488TH
50.78887234,0.398253723,E9510
50.8204423,-0.443874056,E9500
51.06925157,-0.50949386,E9941
50.85200555,-0.984938653,E11331
50.82568041,0.175071193,E7850
50.79430142,0.312934405,E7280
51.08998613,-1.271025663,E12381
50.73111646,-1.15170551,E15050
50.80680115,-0.682809037,E10800
51.0678693,-0.488685953,E9890
52.47690748,-0.922204052,E43779
53.96014474,-1.068649784,L2481
53.95990889,-1.071855683,L2473
53.95262024,-1.078951023,L2471
52.55628872,0.696540737,E23746
51.08682954,1.174829381,9608SE
51.0347304,-1.547141118,E13546
52.19291073,0.889596179,E24828
52.44210025,-0.458139984,E4816
52.50783147,-1.704470365,4896
52.55868677,-1.999137955,4105
52.568881,-1.992793662,4200
52.5236646,-2.03978775,4101
52.62078364,-1.762205408,4153
52.89983252,-1.657511948,4166
52.99977857,-1.762216765,4122
53.08401864,-2.178880556,4165
53.00831692,-2.228776103,4152
52.89732785,-1.882248632,4535
52.86159758,-1.678904095,4898
52.94895164,-2.036339681,4863
52.89308884,-1.726235614,4168
52.97000509,-2.073463521,4159
52.80704182,-2.123001282,4703
52.78013651,-1.792619962,4169
52.81801822,-2.113684343,4182
52.68259822,-2.025170427,4176
52.98159981,-2.199606219,4843
52.77005157,-1.839949304,4002
52.8739977,-1.799453161,4125
52.23677746,-0.839446651,E41646
52.04969966,0.452721986,E41984
52.23677746,-0.839446651,E41647
53.54286652,-1.127873353,L0962
52.54873887,-0.122557156,E65301
52.54873887,-0.122557156,E65302
52.22876061,-0.86658153,E65701
52.59513366,-0.54430983,E65801
52.56906872,-0.188415116,E65401
52.13421261,-0.46237802,E65711
52.23203316,-0.886412161,E65601
51.75060661,-1.246652931,2299TH
51.06123393,-1.794460501,432605
53.48038123,-2.07110568,692424
51.809124,-0.023037,5263TH
52.06929293,0.473013433,E22512
53.38293533,-3.108290402,685505
52.804654,-2.521796,2041
